LOOP START Mon, Jul 27, 2026  2:26:52 PM  gen0=checkpoints/value2p_rank.pt iters=120 games=480 gate=300 vw=1
== ITER 1  Mon, Jul 27, 2026  2:26:52 PM ==
  kept best   it1  cand win=0.4667 ci=0.0565 (not CI-clear)
== ITER 2  Mon, Jul 27, 2026  2:45:44 PM ==
  kept best   it2  cand win=0.4550 ci=0.0563 (not CI-clear)
== ITER 3  Mon, Jul 27, 2026  2:57:31 PM ==
  kept best   it3  cand win=0.4400 ci=0.0557 (not CI-clear)
  REF it3  vs_champ=0.0950 vs_book=0.1500 vs_default=0.4275 best_cul(vs_champ side)
== ITER 4  Mon, Jul 27, 2026  3:15:41 PM ==
  kept best   it4  cand win=0.4200 ci=0.0559 (not CI-clear)
== ITER 5  Mon, Jul 27, 2026  3:27:06 PM ==
  kept best   it5  cand win=0.4300 ci=0.0561 (not CI-clear)
== ITER 6  Mon, Jul 27, 2026  3:38:45 PM ==
  kept best   it6  cand win=0.4600 ci=0.0565 (not CI-clear)
  REF it6  vs_champ=0.0950 vs_book=0.1500 vs_default=0.4275 best_cul(vs_champ side)
== ITER 7  Mon, Jul 27, 2026  3:56:51 PM ==
  kept best   it7  cand win=0.4483 ci=0.0563 (not CI-clear)
== ITER 8  Mon, Jul 27, 2026  4:08:54 PM ==
  kept best   it8  cand win=0 ci=1 (not CI-clear)
== ITER 9  Mon, Jul 27, 2026  4:16:44 PM ==
[Mon, Jul 27, 2026  4:16:44 PM] PAUSED for gaming; holding
[Mon, Jul 27, 2026  4:17:14 PM] PAUSED for gaming; holding
[Mon, Jul 27, 2026  4:17:44 PM] PAUSED for gaming; holding
[Mon, Jul 27, 2026  4:18:14 PM] PAUSED for gaming; holding
[Mon, Jul 27, 2026  4:18:44 PM] PAUSED for gaming; holding
[Mon, Jul 27, 2026  4:19:14 PM] PAUSED for gaming; holding
[Mon, Jul 27, 2026  4:19:44 PM] PAUSED for gaming; holding
[Mon, Jul 27, 2026  4:20:14 PM] PAUSED for gaming; holding
[Mon, Jul 27, 2026  4:20:44 PM] PAUSED for gaming; holding
[Mon, Jul 27, 2026  4:21:14 PM] PAUSED for gaming; holding
[Mon, Jul 27, 2026  4:21:44 PM] PAUSED for gaming; holding
[Mon, Jul 27, 2026  4:22:14 PM] PAUSED for gaming; holding
[Mon, Jul 27, 2026  4:22:45 PM] PAUSED for gaming; holding
[Mon, Jul 27, 2026  4:23:15 PM] PAUSED for gaming; holding
[Mon, Jul 27, 2026  4:23:45 PM] PAUSED for gaming; holding
[Mon, Jul 27, 2026  4:24:15 PM] PAUSED for gaming; holding
[Mon, Jul 27, 2026  4:24:45 PM] PAUSED for gaming; holding
[Mon, Jul 27, 2026  4:25:15 PM] PAUSED for gaming; holding
[Mon, Jul 27, 2026  4:25:45 PM] PAUSED for gaming; holding
[Mon, Jul 27, 2026  4:26:15 PM] PAUSED for gaming; holding
[Mon, Jul 27, 2026  4:26:45 PM] PAUSED for gaming; holding
[Mon, Jul 27, 2026  4:27:15 PM] PAUSED for gaming; holding
[Mon, Jul 27, 2026  4:27:45 PM] PAUSED for gaming; holding
[Mon, Jul 27, 2026  4:28:15 PM] PAUSED for gaming; holding
[Mon, Jul 27, 2026  4:28:45 PM] PAUSED for gaming; holding
[Mon, Jul 27, 2026  4:29:16 PM] PAUSED for gaming; holding
[Mon, Jul 27, 2026  4:29:46 PM] PAUSED for gaming; holding
[Mon, Jul 27, 2026  4:30:16 PM] PAUSED for gaming; holding
[Mon, Jul 27, 2026  4:30:46 PM] PAUSED for gaming; holding
[Mon, Jul 27, 2026  4:31:16 PM] PAUSED for gaming; holding
[Mon, Jul 27, 2026  4:31:46 PM] PAUSED for gaming; holding
[Mon, Jul 27, 2026  4:32:16 PM] PAUSED for gaming; holding
[Mon, Jul 27, 2026  4:32:46 PM] PAUSED for gaming; holding
[Mon, Jul 27, 2026  4:33:16 PM] PAUSED for gaming; holding
[Mon, Jul 27, 2026  4:33:46 PM] PAUSED for gaming; holding
[Mon, Jul 27, 2026  4:34:16 PM] PAUSED for gaming; holding
[Mon, Jul 27, 2026  4:34:46 PM] PAUSED for gaming; holding
[Mon, Jul 27, 2026  4:35:16 PM] PAUSED for gaming; holding
[Mon, Jul 27, 2026  4:35:46 PM] PAUSED for gaming; holding
[Mon, Jul 27, 2026  4:36:16 PM] PAUSED for gaming; holding
[Mon, Jul 27, 2026  4:36:47 PM] PAUSED for gaming; holding
[Mon, Jul 27, 2026  4:37:17 PM] PAUSED for gaming; holding
[Mon, Jul 27, 2026  4:37:47 PM] PAUSED for gaming; holding
[Mon, Jul 27, 2026  4:38:17 PM] PAUSED for gaming; holding
[Mon, Jul 27, 2026  4:38:47 PM] PAUSED for gaming; holding
[Mon, Jul 27, 2026  4:39:17 PM] PAUSED for gaming; holding
[Mon, Jul 27, 2026  4:39:47 PM] PAUSED for gaming; holding
[Mon, Jul 27, 2026  4:40:17 PM] PAUSED for gaming; holding
[Mon, Jul 27, 2026  4:40:47 PM] PAUSED for gaming; holding
[Mon, Jul 27, 2026  4:41:17 PM] PAUSED for gaming; holding
[Mon, Jul 27, 2026  4:41:47 PM] PAUSED for gaming; holding
[Mon, Jul 27, 2026  4:42:17 PM] PAUSED for gaming; holding
[Mon, Jul 27, 2026  4:42:47 PM] PAUSED for gaming; holding
[Mon, Jul 27, 2026  4:43:17 PM] PAUSED for gaming; holding
[Mon, Jul 27, 2026  4:43:48 PM] PAUSED for gaming; holding
[Mon, Jul 27, 2026  4:44:18 PM] PAUSED for gaming; holding
[Mon, Jul 27, 2026  4:44:48 PM] PAUSED for gaming; holding
[Mon, Jul 27, 2026  4:45:18 PM] PAUSED for gaming; holding
[Mon, Jul 27, 2026  4:45:48 PM] PAUSED for gaming; holding
[Mon, Jul 27, 2026  4:46:18 PM] PAUSED for gaming; holding
[Mon, Jul 27, 2026  4:46:48 PM] PAUSED for gaming; holding
[Mon, Jul 27, 2026  4:47:18 PM] PAUSED for gaming; holding
[Mon, Jul 27, 2026  4:47:48 PM] PAUSED for gaming; holding
[Mon, Jul 27, 2026  4:48:18 PM] PAUSED for gaming; holding
[Mon, Jul 27, 2026  4:48:48 PM] PAUSED for gaming; holding
[Mon, Jul 27, 2026  4:49:18 PM] PAUSED for gaming; holding
[Mon, Jul 27, 2026  4:49:48 PM] PAUSED for gaming; holding
[Mon, Jul 27, 2026  4:50:18 PM] PAUSED for gaming; holding
[Mon, Jul 27, 2026  4:50:48 PM] PAUSED for gaming; holding
[Mon, Jul 27, 2026  4:51:18 PM] PAUSED for gaming; holding
[Mon, Jul 27, 2026  4:51:49 PM] PAUSED for gaming; holding
[Mon, Jul 27, 2026  4:52:19 PM] PAUSED for gaming; holding
[Mon, Jul 27, 2026  4:52:49 PM] PAUSED for gaming; holding
[Mon, Jul 27, 2026  4:53:19 PM] PAUSED for gaming; holding
[Mon, Jul 27, 2026  4:53:49 PM] PAUSED for gaming; holding
[Mon, Jul 27, 2026  4:54:19 PM] PAUSED for gaming; holding
[Mon, Jul 27, 2026  4:54:49 PM] PAUSED for gaming; holding
[Mon, Jul 27, 2026  4:55:19 PM] PAUSED for gaming; holding
[Mon, Jul 27, 2026  4:55:49 PM] PAUSED for gaming; holding
[Mon, Jul 27, 2026  4:56:19 PM] PAUSED for gaming; holding
[Mon, Jul 27, 2026  4:56:49 PM] PAUSED for gaming; holding
[Mon, Jul 27, 2026  4:57:19 PM] PAUSED for gaming; holding
[Mon, Jul 27, 2026  4:57:49 PM] PAUSED for gaming; holding
[Mon, Jul 27, 2026  4:58:19 PM] PAUSED for gaming; holding
[Mon, Jul 27, 2026  4:58:49 PM] PAUSED for gaming; holding
[Mon, Jul 27, 2026  4:59:20 PM] PAUSED for gaming; holding
[Mon, Jul 27, 2026  4:59:50 PM] PAUSED for gaming; holding
[Mon, Jul 27, 2026  5:00:20 PM] PAUSED for gaming; holding
[Mon, Jul 27, 2026  5:00:50 PM] PAUSED for gaming; holding
[Mon, Jul 27, 2026  5:01:20 PM] PAUSED for gaming; holding
[Mon, Jul 27, 2026  5:01:50 PM] PAUSED for gaming; holding
[Mon, Jul 27, 2026  5:02:20 PM] PAUSED for gaming; holding
[Mon, Jul 27, 2026  5:02:50 PM] PAUSED for gaming; holding
[Mon, Jul 27, 2026  5:03:20 PM] PAUSED for gaming; holding
[Mon, Jul 27, 2026  5:03:50 PM] PAUSED for gaming; holding
[Mon, Jul 27, 2026  5:04:20 PM] PAUSED for gaming; holding
[Mon, Jul 27, 2026  5:04:50 PM] PAUSED for gaming; holding
[Mon, Jul 27, 2026  5:05:20 PM] PAUSED for gaming; holding
[Mon, Jul 27, 2026  5:05:50 PM] PAUSED for gaming; holding
[Mon, Jul 27, 2026  5:06:20 PM] PAUSED for gaming; holding
[Mon, Jul 27, 2026  5:06:51 PM] PAUSED for gaming; holding
[Mon, Jul 27, 2026  5:07:21 PM] PAUSED for gaming; holding
[Mon, Jul 27, 2026  5:07:51 PM] PAUSED for gaming; holding
[Mon, Jul 27, 2026  5:08:21 PM] PAUSED for gaming; holding
[Mon, Jul 27, 2026  5:08:51 PM] PAUSED for gaming; holding
[Mon, Jul 27, 2026  5:09:21 PM] PAUSED for gaming; holding
[Mon, Jul 27, 2026  5:09:51 PM] PAUSED for gaming; holding
[Mon, Jul 27, 2026  5:10:21 PM] PAUSED for gaming; holding
[Mon, Jul 27, 2026  5:10:51 PM] PAUSED for gaming; holding
[Mon, Jul 27, 2026  5:11:21 PM] PAUSED for gaming; holding
[Mon, Jul 27, 2026  5:11:51 PM] PAUSED for gaming; holding
[Mon, Jul 27, 2026  5:12:21 PM] PAUSED for gaming; holding
[Mon, Jul 27, 2026  5:12:51 PM] PAUSED for gaming; holding
[Mon, Jul 27, 2026  5:13:21 PM] PAUSED for gaming; holding
[Mon, Jul 27, 2026  5:13:52 PM] PAUSED for gaming; holding
[Mon, Jul 27, 2026  5:14:22 PM] PAUSED for gaming; holding
[Mon, Jul 27, 2026  5:14:52 PM] PAUSED for gaming; holding
[Mon, Jul 27, 2026  5:15:22 PM] PAUSED for gaming; holding
[Mon, Jul 27, 2026  5:15:52 PM] PAUSED for gaming; holding
[Mon, Jul 27, 2026  5:16:22 PM] PAUSED for gaming; holding
[Mon, Jul 27, 2026  5:16:52 PM] PAUSED for gaming; holding
[Mon, Jul 27, 2026  5:17:22 PM] PAUSED for gaming; holding
[Mon, Jul 27, 2026  5:17:52 PM] PAUSED for gaming; holding
[Mon, Jul 27, 2026  5:18:22 PM] PAUSED for gaming; holding
[Mon, Jul 27, 2026  5:18:52 PM] PAUSED for gaming; holding
[Mon, Jul 27, 2026  5:19:22 PM] PAUSED for gaming; holding
[Mon, Jul 27, 2026  5:19:52 PM] PAUSED for gaming; holding
[Mon, Jul 27, 2026  5:20:22 PM] PAUSED for gaming; holding
  kept best   it9  cand win=0.4800 ci=0.0564 (not CI-clear)
  REF it9  vs_champ=0.0950 vs_book=0.1500 vs_default=0.4275 best_cul(vs_champ side)
== ITER 10  Mon, Jul 27, 2026  5:44:06 PM ==
[Mon, Jul 27, 2026  5:55:50 PM] PAUSED for gaming; holding
[Mon, Jul 27, 2026  5:56:20 PM] PAUSED for gaming; holding
[Mon, Jul 27, 2026  5:56:50 PM] PAUSED for gaming; holding
[Mon, Jul 27, 2026  5:57:20 PM] PAUSED for gaming; holding
[Mon, Jul 27, 2026  5:57:50 PM] PAUSED for gaming; holding
[Mon, Jul 27, 2026  5:58:20 PM] PAUSED for gaming; holding
[Mon, Jul 27, 2026  5:58:51 PM] PAUSED for gaming; holding
[Mon, Jul 27, 2026  5:59:21 PM] PAUSED for gaming; holding
[Mon, Jul 27, 2026  5:59:51 PM] PAUSED for gaming; holding
[Mon, Jul 27, 2026  6:00:21 PM] PAUSED for gaming; holding
[Mon, Jul 27, 2026  6:00:51 PM] PAUSED for gaming; holding
[Mon, Jul 27, 2026  6:01:21 PM] PAUSED for gaming; holding
[Mon, Jul 27, 2026  6:01:51 PM] PAUSED for gaming; holding
[Mon, Jul 27, 2026  6:02:21 PM] PAUSED for gaming; holding
[Mon, Jul 27, 2026  6:02:51 PM] PAUSED for gaming; holding
[Mon, Jul 27, 2026  6:03:21 PM] PAUSED for gaming; holding
[Mon, Jul 27, 2026  6:03:51 PM] PAUSED for gaming; holding
[Mon, Jul 27, 2026  6:04:22 PM] PAUSED for gaming; holding
[Mon, Jul 27, 2026  6:04:52 PM] PAUSED for gaming; holding
[Mon, Jul 27, 2026  6:05:22 PM] PAUSED for gaming; holding
[Mon, Jul 27, 2026  6:05:52 PM] PAUSED for gaming; holding
[Mon, Jul 27, 2026  6:06:22 PM] PAUSED for gaming; holding
[Mon, Jul 27, 2026  6:06:52 PM] PAUSED for gaming; holding
[Mon, Jul 27, 2026  6:07:22 PM] PAUSED for gaming; holding
[Mon, Jul 27, 2026  6:07:52 PM] PAUSED for gaming; holding
[Mon, Jul 27, 2026  6:08:22 PM] PAUSED for gaming; holding
[Mon, Jul 27, 2026  6:08:52 PM] PAUSED for gaming; holding
[Mon, Jul 27, 2026  6:09:22 PM] PAUSED for gaming; holding
[Mon, Jul 27, 2026  6:09:52 PM] PAUSED for gaming; holding
[Mon, Jul 27, 2026  6:10:22 PM] PAUSED for gaming; holding
[Mon, Jul 27, 2026  6:10:52 PM] PAUSED for gaming; holding
[Mon, Jul 27, 2026  6:11:22 PM] PAUSED for gaming; holding
[Mon, Jul 27, 2026  6:11:53 PM] PAUSED for gaming; holding
[Mon, Jul 27, 2026  6:12:23 PM] PAUSED for gaming; holding
[Mon, Jul 27, 2026  6:12:53 PM] PAUSED for gaming; holding
[Mon, Jul 27, 2026  6:13:23 PM] PAUSED for gaming; holding
[Mon, Jul 27, 2026  6:13:53 PM] PAUSED for gaming; holding
  kept best   it10  cand win=0.4800 ci=0.0564 (not CI-clear)
== ITER 11  Mon, Jul 27, 2026  6:21:13 PM ==
  kept best   it11  cand win=0.4367 ci=0.0560 (not CI-clear)
== ITER 12  Mon, Jul 27, 2026  6:40:15 PM ==
  kept best   it12  cand win=0.4367 ci=0.0558 (not CI-clear)
  REF it12  vs_champ=0.0950 vs_book=0.1500 vs_default=0.4275 best_cul(vs_champ side)
== ITER 13  Mon, Jul 27, 2026  7:07:07 PM ==
[Mon, Jul 27, 2026  7:18:39 PM] PAUSED for gaming; holding
[Mon, Jul 27, 2026  7:19:09 PM] PAUSED for gaming; holding
[Mon, Jul 27, 2026  7:19:39 PM] PAUSED for gaming; holding
[Mon, Jul 27, 2026  7:20:09 PM] PAUSED for gaming; holding
[Mon, Jul 27, 2026  7:20:39 PM] PAUSED for gaming; holding
[Mon, Jul 27, 2026  7:21:09 PM] PAUSED for gaming; holding
[Mon, Jul 27, 2026  7:21:39 PM] PAUSED for gaming; holding
[Mon, Jul 27, 2026  7:22:09 PM] PAUSED for gaming; holding
[Mon, Jul 27, 2026  7:22:40 PM] PAUSED for gaming; holding
[Mon, Jul 27, 2026  7:23:10 PM] PAUSED for gaming; holding
[Mon, Jul 27, 2026  7:23:40 PM] PAUSED for gaming; holding
[Mon, Jul 27, 2026  7:24:10 PM] PAUSED for gaming; holding
[Mon, Jul 27, 2026  7:24:40 PM] PAUSED for gaming; holding
[Mon, Jul 27, 2026  7:25:10 PM] PAUSED for gaming; holding
[Mon, Jul 27, 2026  7:25:40 PM] PAUSED for gaming; holding
[Mon, Jul 27, 2026  7:26:10 PM] PAUSED for gaming; holding
[Mon, Jul 27, 2026  7:26:40 PM] PAUSED for gaming; holding
[Mon, Jul 27, 2026  7:27:10 PM] PAUSED for gaming; holding
[Mon, Jul 27, 2026  7:27:40 PM] PAUSED for gaming; holding
[Mon, Jul 27, 2026  7:28:10 PM] PAUSED for gaming; holding
[Mon, Jul 27, 2026  7:28:40 PM] PAUSED for gaming; holding
[Mon, Jul 27, 2026  7:29:10 PM] PAUSED for gaming; holding
[Mon, Jul 27, 2026  7:29:40 PM] PAUSED for gaming; holding
[Mon, Jul 27, 2026  7:30:10 PM] PAUSED for gaming; holding
[Mon, Jul 27, 2026  7:30:41 PM] PAUSED for gaming; holding
[Mon, Jul 27, 2026  7:31:11 PM] PAUSED for gaming; holding
[Mon, Jul 27, 2026  7:31:41 PM] PAUSED for gaming; holding
[Mon, Jul 27, 2026  7:32:11 PM] PAUSED for gaming; holding
[Mon, Jul 27, 2026  7:32:41 PM] PAUSED for gaming; holding
[Mon, Jul 27, 2026  7:33:11 PM] PAUSED for gaming; holding
[Mon, Jul 27, 2026  7:33:41 PM] PAUSED for gaming; holding
[Mon, Jul 27, 2026  7:34:11 PM] PAUSED for gaming; holding
[Mon, Jul 27, 2026  7:34:41 PM] PAUSED for gaming; holding
[Mon, Jul 27, 2026  7:35:11 PM] PAUSED for gaming; holding
[Mon, Jul 27, 2026  7:35:41 PM] PAUSED for gaming; holding
[Mon, Jul 27, 2026  7:36:11 PM] PAUSED for gaming; holding
[Mon, Jul 27, 2026  7:36:41 PM] PAUSED for gaming; holding
[Mon, Jul 27, 2026  7:37:11 PM] PAUSED for gaming; holding
[Mon, Jul 27, 2026  7:37:41 PM] PAUSED for gaming; holding
[Mon, Jul 27, 2026  7:38:12 PM] PAUSED for gaming; holding
[Mon, Jul 27, 2026  7:38:42 PM] PAUSED for gaming; holding
[Mon, Jul 27, 2026  7:39:12 PM] PAUSED for gaming; holding
[Mon, Jul 27, 2026  7:39:42 PM] PAUSED for gaming; holding
[Mon, Jul 27, 2026  7:40:12 PM] PAUSED for gaming; holding
[Mon, Jul 27, 2026  7:40:42 PM] PAUSED for gaming; holding
[Mon, Jul 27, 2026  7:41:12 PM] PAUSED for gaming; holding
[Mon, Jul 27, 2026  7:41:42 PM] PAUSED for gaming; holding
[Mon, Jul 27, 2026  7:42:12 PM] PAUSED for gaming; holding
[Mon, Jul 27, 2026  7:42:42 PM] PAUSED for gaming; holding
[Mon, Jul 27, 2026  7:43:12 PM] PAUSED for gaming; holding
[Mon, Jul 27, 2026  7:43:42 PM] PAUSED for gaming; holding
[Mon, Jul 27, 2026  7:44:12 PM] PAUSED for gaming; holding
[Mon, Jul 27, 2026  7:44:42 PM] PAUSED for gaming; holding
[Mon, Jul 27, 2026  7:45:13 PM] PAUSED for gaming; holding
[Mon, Jul 27, 2026  7:45:43 PM] PAUSED for gaming; holding
[Mon, Jul 27, 2026  7:46:13 PM] PAUSED for gaming; holding
[Mon, Jul 27, 2026  7:46:43 PM] PAUSED for gaming; holding
[Mon, Jul 27, 2026  7:47:13 PM] PAUSED for gaming; holding
[Mon, Jul 27, 2026  7:47:43 PM] PAUSED for gaming; holding
[Mon, Jul 27, 2026  7:48:13 PM] PAUSED for gaming; holding
[Mon, Jul 27, 2026  7:48:43 PM] PAUSED for gaming; holding
[Mon, Jul 27, 2026  7:49:13 PM] PAUSED for gaming; holding
[Mon, Jul 27, 2026  7:49:43 PM] PAUSED for gaming; holding
[Mon, Jul 27, 2026  7:50:13 PM] PAUSED for gaming; holding
[Mon, Jul 27, 2026  7:50:43 PM] PAUSED for gaming; holding
[Mon, Jul 27, 2026  7:51:13 PM] PAUSED for gaming; holding
[Mon, Jul 27, 2026  7:51:43 PM] PAUSED for gaming; holding
[Mon, Jul 27, 2026  7:52:13 PM] PAUSED for gaming; holding
[Mon, Jul 27, 2026  7:52:43 PM] PAUSED for gaming; holding
[Mon, Jul 27, 2026  7:53:13 PM] PAUSED for gaming; holding
[Mon, Jul 27, 2026  7:53:44 PM] PAUSED for gaming; holding
[Mon, Jul 27, 2026  7:54:14 PM] PAUSED for gaming; holding
[Mon, Jul 27, 2026  7:54:44 PM] PAUSED for gaming; holding
[Mon, Jul 27, 2026  7:55:14 PM] PAUSED for gaming; holding
[Mon, Jul 27, 2026  7:55:44 PM] PAUSED for gaming; holding
[Mon, Jul 27, 2026  7:56:14 PM] PAUSED for gaming; holding
[Mon, Jul 27, 2026  7:56:44 PM] PAUSED for gaming; holding
[Mon, Jul 27, 2026  7:57:14 PM] PAUSED for gaming; holding
[Mon, Jul 27, 2026  7:57:44 PM] PAUSED for gaming; holding
[Mon, Jul 27, 2026  7:58:14 PM] PAUSED for gaming; holding
[Mon, Jul 27, 2026  7:58:44 PM] PAUSED for gaming; holding
[Mon, Jul 27, 2026  7:59:14 PM] PAUSED for gaming; holding
[Mon, Jul 27, 2026  7:59:44 PM] PAUSED for gaming; holding
[Mon, Jul 27, 2026  8:00:14 PM] PAUSED for gaming; holding
[Mon, Jul 27, 2026  8:00:44 PM] PAUSED for gaming; holding
[Mon, Jul 27, 2026  8:01:15 PM] PAUSED for gaming; holding
[Mon, Jul 27, 2026  8:01:45 PM] PAUSED for gaming; holding
[Mon, Jul 27, 2026  8:02:15 PM] PAUSED for gaming; holding
[Mon, Jul 27, 2026  8:02:45 PM] PAUSED for gaming; holding
[Mon, Jul 27, 2026  8:03:15 PM] PAUSED for gaming; holding
[Mon, Jul 27, 2026  8:03:45 PM] PAUSED for gaming; holding
[Mon, Jul 27, 2026  8:04:15 PM] PAUSED for gaming; holding
[Mon, Jul 27, 2026  8:04:45 PM] PAUSED for gaming; holding
[Mon, Jul 27, 2026  8:05:15 PM] PAUSED for gaming; holding
[Mon, Jul 27, 2026  8:05:45 PM] PAUSED for gaming; holding
[Mon, Jul 27, 2026  8:06:15 PM] PAUSED for gaming; holding
[Mon, Jul 27, 2026  8:06:45 PM] PAUSED for gaming; holding
[Mon, Jul 27, 2026  8:07:15 PM] PAUSED for gaming; holding
[Mon, Jul 27, 2026  8:07:45 PM] PAUSED for gaming; holding
[Mon, Jul 27, 2026  8:08:16 PM] PAUSED for gaming; holding
[Mon, Jul 27, 2026  8:08:46 PM] PAUSED for gaming; holding
[Mon, Jul 27, 2026  8:09:16 PM] PAUSED for gaming; holding
[Mon, Jul 27, 2026  8:09:46 PM] PAUSED for gaming; holding
[Mon, Jul 27, 2026  8:10:16 PM] PAUSED for gaming; holding
[Mon, Jul 27, 2026  8:10:46 PM] PAUSED for gaming; holding
[Mon, Jul 27, 2026  8:11:16 PM] PAUSED for gaming; holding
[Mon, Jul 27, 2026  8:11:46 PM] PAUSED for gaming; holding
[Mon, Jul 27, 2026  8:12:16 PM] PAUSED for gaming; holding
[Mon, Jul 27, 2026  8:12:46 PM] PAUSED for gaming; holding
[Mon, Jul 27, 2026  8:13:16 PM] PAUSED for gaming; holding
[Mon, Jul 27, 2026  8:13:46 PM] PAUSED for gaming; holding
[Mon, Jul 27, 2026  8:14:16 PM] PAUSED for gaming; holding
[Mon, Jul 27, 2026  8:14:46 PM] PAUSED for gaming; holding
[Mon, Jul 27, 2026  8:15:17 PM] PAUSED for gaming; holding
[Mon, Jul 27, 2026  8:15:47 PM] PAUSED for gaming; holding
[Mon, Jul 27, 2026  8:16:17 PM] PAUSED for gaming; holding
[Mon, Jul 27, 2026  8:16:47 PM] PAUSED for gaming; holding
[Mon, Jul 27, 2026  8:17:17 PM] PAUSED for gaming; holding
[Mon, Jul 27, 2026  8:17:47 PM] PAUSED for gaming; holding
[Mon, Jul 27, 2026  8:18:17 PM] PAUSED for gaming; holding
[Mon, Jul 27, 2026  8:18:47 PM] PAUSED for gaming; holding
[Mon, Jul 27, 2026  8:19:17 PM] PAUSED for gaming; holding
[Mon, Jul 27, 2026  8:19:47 PM] PAUSED for gaming; holding
[Mon, Jul 27, 2026  8:20:17 PM] PAUSED for gaming; holding
[Mon, Jul 27, 2026  8:20:47 PM] PAUSED for gaming; holding
[Mon, Jul 27, 2026  8:21:17 PM] PAUSED for gaming; holding
[Mon, Jul 27, 2026  8:21:47 PM] PAUSED for gaming; holding
[Mon, Jul 27, 2026  8:22:18 PM] PAUSED for gaming; holding
[Mon, Jul 27, 2026  8:22:48 PM] PAUSED for gaming; holding
[Mon, Jul 27, 2026  8:23:18 PM] PAUSED for gaming; holding
[Mon, Jul 27, 2026  8:23:48 PM] PAUSED for gaming; holding
[Mon, Jul 27, 2026  8:24:18 PM] PAUSED for gaming; holding
[Mon, Jul 27, 2026  8:24:48 PM] PAUSED for gaming; holding
[Mon, Jul 27, 2026  8:25:18 PM] PAUSED for gaming; holding
[Mon, Jul 27, 2026  8:25:48 PM] PAUSED for gaming; holding
[Mon, Jul 27, 2026  8:26:18 PM] PAUSED for gaming; holding
[Mon, Jul 27, 2026  8:26:48 PM] PAUSED for gaming; holding
[Mon, Jul 27, 2026  8:27:18 PM] PAUSED for gaming; holding
[Mon, Jul 27, 2026  8:27:48 PM] PAUSED for gaming; holding
[Mon, Jul 27, 2026  8:28:18 PM] PAUSED for gaming; holding
[Mon, Jul 27, 2026  8:28:48 PM] PAUSED for gaming; holding
[Mon, Jul 27, 2026  8:29:18 PM] PAUSED for gaming; holding
[Mon, Jul 27, 2026  8:29:49 PM] PAUSED for gaming; holding
[Mon, Jul 27, 2026  8:30:19 PM] PAUSED for gaming; holding
[Mon, Jul 27, 2026  8:30:49 PM] PAUSED for gaming; holding
[Mon, Jul 27, 2026  8:31:19 PM] PAUSED for gaming; holding
[Mon, Jul 27, 2026  8:31:49 PM] PAUSED for gaming; holding
[Mon, Jul 27, 2026  8:32:19 PM] PAUSED for gaming; holding
[Mon, Jul 27, 2026  8:32:49 PM] PAUSED for gaming; holding
[Mon, Jul 27, 2026  8:33:19 PM] PAUSED for gaming; holding
[Mon, Jul 27, 2026  8:33:49 PM] PAUSED for gaming; holding
[Mon, Jul 27, 2026  8:34:20 PM] PAUSED for gaming; holding
[Mon, Jul 27, 2026  8:34:50 PM] PAUSED for gaming; holding
[Mon, Jul 27, 2026  8:35:20 PM] PAUSED for gaming; holding
[Mon, Jul 27, 2026  8:35:50 PM] PAUSED for gaming; holding
[Mon, Jul 27, 2026  8:36:20 PM] PAUSED for gaming; holding
[Mon, Jul 27, 2026  8:36:50 PM] PAUSED for gaming; holding
[Mon, Jul 27, 2026  8:37:20 PM] PAUSED for gaming; holding
[Mon, Jul 27, 2026  8:37:50 PM] PAUSED for gaming; holding
[Mon, Jul 27, 2026  8:38:20 PM] PAUSED for gaming; holding
[Mon, Jul 27, 2026  8:38:50 PM] PAUSED for gaming; holding
[Mon, Jul 27, 2026  8:39:20 PM] PAUSED for gaming; holding
[Mon, Jul 27, 2026  8:39:50 PM] PAUSED for gaming; holding
[Mon, Jul 27, 2026  8:40:20 PM] PAUSED for gaming; holding
[Mon, Jul 27, 2026  8:40:50 PM] PAUSED for gaming; holding
[Mon, Jul 27, 2026  8:41:20 PM] PAUSED for gaming; holding
[Mon, Jul 27, 2026  8:41:50 PM] PAUSED for gaming; holding
[Mon, Jul 27, 2026  8:42:21 PM] PAUSED for gaming; holding
[Mon, Jul 27, 2026  8:42:51 PM] PAUSED for gaming; holding
[Mon, Jul 27, 2026  8:43:21 PM] PAUSED for gaming; holding
[Mon, Jul 27, 2026  8:43:51 PM] PAUSED for gaming; holding
[Mon, Jul 27, 2026  8:44:21 PM] PAUSED for gaming; holding
[Mon, Jul 27, 2026  8:44:51 PM] PAUSED for gaming; holding
[Mon, Jul 27, 2026  8:45:21 PM] PAUSED for gaming; holding
[Mon, Jul 27, 2026  8:45:51 PM] PAUSED for gaming; holding
[Mon, Jul 27, 2026  8:46:21 PM] PAUSED for gaming; holding
[Mon, Jul 27, 2026  8:46:51 PM] PAUSED for gaming; holding
[Mon, Jul 27, 2026  8:47:21 PM] PAUSED for gaming; holding
[Mon, Jul 27, 2026  8:47:51 PM] PAUSED for gaming; holding
[Mon, Jul 27, 2026  8:48:21 PM] PAUSED for gaming; holding
[Mon, Jul 27, 2026  8:48:51 PM] PAUSED for gaming; holding
[Mon, Jul 27, 2026  8:49:21 PM] PAUSED for gaming; holding
[Mon, Jul 27, 2026  8:49:52 PM] PAUSED for gaming; holding
[Mon, Jul 27, 2026  8:50:22 PM] PAUSED for gaming; holding
[Mon, Jul 27, 2026  8:50:52 PM] PAUSED for gaming; holding
[Mon, Jul 27, 2026  8:51:22 PM] PAUSED for gaming; holding
[Mon, Jul 27, 2026  8:51:52 PM] PAUSED for gaming; holding
[Mon, Jul 27, 2026  8:52:22 PM] PAUSED for gaming; holding
[Mon, Jul 27, 2026  8:52:52 PM] PAUSED for gaming; holding
[Mon, Jul 27, 2026  8:53:22 PM] PAUSED for gaming; holding
[Mon, Jul 27, 2026  8:53:52 PM] PAUSED for gaming; holding
[Mon, Jul 27, 2026  8:54:22 PM] PAUSED for gaming; holding
[Mon, Jul 27, 2026  8:54:52 PM] PAUSED for gaming; holding
[Mon, Jul 27, 2026  8:55:22 PM] PAUSED for gaming; holding
[Mon, Jul 27, 2026  8:55:52 PM] PAUSED for gaming; holding
[Mon, Jul 27, 2026  8:56:22 PM] PAUSED for gaming; holding
[Mon, Jul 27, 2026  8:56:52 PM] PAUSED for gaming; holding
[Mon, Jul 27, 2026  8:57:23 PM] PAUSED for gaming; holding
[Mon, Jul 27, 2026  8:57:53 PM] PAUSED for gaming; holding
[Mon, Jul 27, 2026  8:58:23 PM] PAUSED for gaming; holding
[Mon, Jul 27, 2026  8:58:53 PM] PAUSED for gaming; holding
[Mon, Jul 27, 2026  8:59:23 PM] PAUSED for gaming; holding
[Mon, Jul 27, 2026  8:59:53 PM] PAUSED for gaming; holding
[Mon, Jul 27, 2026  9:00:23 PM] PAUSED for gaming; holding
[Mon, Jul 27, 2026  9:00:53 PM] PAUSED for gaming; holding
[Mon, Jul 27, 2026  9:01:23 PM] PAUSED for gaming; holding
[Mon, Jul 27, 2026  9:01:53 PM] PAUSED for gaming; holding
[Mon, Jul 27, 2026  9:02:23 PM] PAUSED for gaming; holding
[Mon, Jul 27, 2026  9:02:53 PM] PAUSED for gaming; holding
[Mon, Jul 27, 2026  9:03:23 PM] PAUSED for gaming; holding
[Mon, Jul 27, 2026  9:03:53 PM] PAUSED for gaming; holding
[Mon, Jul 27, 2026  9:04:24 PM] PAUSED for gaming; holding
[Mon, Jul 27, 2026  9:04:54 PM] PAUSED for gaming; holding
[Mon, Jul 27, 2026  9:05:24 PM] PAUSED for gaming; holding
[Mon, Jul 27, 2026  9:05:54 PM] PAUSED for gaming; holding
[Mon, Jul 27, 2026  9:06:24 PM] PAUSED for gaming; holding
[Mon, Jul 27, 2026  9:06:54 PM] PAUSED for gaming; holding
[Mon, Jul 27, 2026  9:07:24 PM] PAUSED for gaming; holding
[Mon, Jul 27, 2026  9:07:54 PM] PAUSED for gaming; holding
[Mon, Jul 27, 2026  9:08:24 PM] PAUSED for gaming; holding
[Mon, Jul 27, 2026  9:08:54 PM] PAUSED for gaming; holding
[Mon, Jul 27, 2026  9:09:24 PM] PAUSED for gaming; holding
[Mon, Jul 27, 2026  9:09:54 PM] PAUSED for gaming; holding
[Mon, Jul 27, 2026  9:10:25 PM] PAUSED for gaming; holding
[Mon, Jul 27, 2026  9:10:55 PM] PAUSED for gaming; holding
[Mon, Jul 27, 2026  9:11:25 PM] PAUSED for gaming; holding
[Mon, Jul 27, 2026  9:11:55 PM] PAUSED for gaming; holding
[Mon, Jul 27, 2026  9:12:25 PM] PAUSED for gaming; holding
[Mon, Jul 27, 2026  9:12:55 PM] PAUSED for gaming; holding
[Mon, Jul 27, 2026  9:13:25 PM] PAUSED for gaming; holding
[Mon, Jul 27, 2026  9:13:55 PM] PAUSED for gaming; holding
[Mon, Jul 27, 2026  9:14:25 PM] PAUSED for gaming; holding
[Mon, Jul 27, 2026  9:14:55 PM] PAUSED for gaming; holding
[Mon, Jul 27, 2026  9:15:25 PM] PAUSED for gaming; holding
[Mon, Jul 27, 2026  9:15:55 PM] PAUSED for gaming; holding
[Mon, Jul 27, 2026  9:16:25 PM] PAUSED for gaming; holding
[Mon, Jul 27, 2026  9:16:56 PM] PAUSED for gaming; holding
[Mon, Jul 27, 2026  9:17:26 PM] PAUSED for gaming; holding
[Mon, Jul 27, 2026  9:17:56 PM] PAUSED for gaming; holding
[Mon, Jul 27, 2026  9:18:26 PM] PAUSED for gaming; holding
[Mon, Jul 27, 2026  9:18:56 PM] PAUSED for gaming; holding
[Mon, Jul 27, 2026  9:19:26 PM] PAUSED for gaming; holding
[Mon, Jul 27, 2026  9:19:56 PM] PAUSED for gaming; holding
[Mon, Jul 27, 2026  9:20:26 PM] PAUSED for gaming; holding
[Mon, Jul 27, 2026  9:20:56 PM] PAUSED for gaming; holding
[Mon, Jul 27, 2026  9:21:26 PM] PAUSED for gaming; holding
[Mon, Jul 27, 2026  9:21:56 PM] PAUSED for gaming; holding
[Mon, Jul 27, 2026  9:22:26 PM] PAUSED for gaming; holding
[Mon, Jul 27, 2026  9:22:56 PM] PAUSED for gaming; holding
[Mon, Jul 27, 2026  9:23:26 PM] PAUSED for gaming; holding
[Mon, Jul 27, 2026  9:23:56 PM] PAUSED for gaming; holding
[Mon, Jul 27, 2026  9:24:26 PM] PAUSED for gaming; holding
[Mon, Jul 27, 2026  9:24:57 PM] PAUSED for gaming; holding
[Mon, Jul 27, 2026  9:25:27 PM] PAUSED for gaming; holding
[Mon, Jul 27, 2026  9:25:57 PM] PAUSED for gaming; holding
[Mon, Jul 27, 2026  9:26:27 PM] PAUSED for gaming; holding
[Mon, Jul 27, 2026  9:26:57 PM] PAUSED for gaming; holding
[Mon, Jul 27, 2026  9:27:27 PM] PAUSED for gaming; holding
[Mon, Jul 27, 2026  9:27:57 PM] PAUSED for gaming; holding
[Mon, Jul 27, 2026  9:28:27 PM] PAUSED for gaming; holding
[Mon, Jul 27, 2026  9:28:57 PM] PAUSED for gaming; holding
[Mon, Jul 27, 2026  9:29:27 PM] PAUSED for gaming; holding
[Mon, Jul 27, 2026  9:29:57 PM] PAUSED for gaming; holding
[Mon, Jul 27, 2026  9:30:27 PM] PAUSED for gaming; holding
[Mon, Jul 27, 2026  9:30:57 PM] PAUSED for gaming; holding
[Mon, Jul 27, 2026  9:31:27 PM] PAUSED for gaming; holding
[Mon, Jul 27, 2026  9:31:58 PM] PAUSED for gaming; holding
[Mon, Jul 27, 2026  9:32:28 PM] PAUSED for gaming; holding
[Mon, Jul 27, 2026  9:32:58 PM] PAUSED for gaming; holding
[Mon, Jul 27, 2026  9:33:28 PM] PAUSED for gaming; holding
[Mon, Jul 27, 2026  9:33:58 PM] PAUSED for gaming; holding
[Mon, Jul 27, 2026  9:34:28 PM] PAUSED for gaming; holding
[Mon, Jul 27, 2026  9:34:58 PM] PAUSED for gaming; holding
[Mon, Jul 27, 2026  9:35:28 PM] PAUSED for gaming; holding
[Mon, Jul 27, 2026  9:35:58 PM] PAUSED for gaming; holding
[Mon, Jul 27, 2026  9:36:28 PM] PAUSED for gaming; holding
[Mon, Jul 27, 2026  9:36:58 PM] PAUSED for gaming; holding
[Mon, Jul 27, 2026  9:37:28 PM] PAUSED for gaming; holding
[Mon, Jul 27, 2026  9:37:58 PM] PAUSED for gaming; holding
[Mon, Jul 27, 2026  9:38:28 PM] PAUSED for gaming; holding
[Mon, Jul 27, 2026  9:38:58 PM] PAUSED for gaming; holding
[Mon, Jul 27, 2026  9:39:29 PM] PAUSED for gaming; holding
[Mon, Jul 27, 2026  9:39:59 PM] PAUSED for gaming; holding
[Mon, Jul 27, 2026  9:40:29 PM] PAUSED for gaming; holding
[Mon, Jul 27, 2026  9:40:59 PM] PAUSED for gaming; holding
[Mon, Jul 27, 2026  9:41:29 PM] PAUSED for gaming; holding
[Mon, Jul 27, 2026  9:41:59 PM] PAUSED for gaming; holding
[Mon, Jul 27, 2026  9:42:29 PM] PAUSED for gaming; holding
[Mon, Jul 27, 2026  9:42:59 PM] PAUSED for gaming; holding
[Mon, Jul 27, 2026  9:43:29 PM] PAUSED for gaming; holding
[Mon, Jul 27, 2026  9:43:59 PM] PAUSED for gaming; holding
[Mon, Jul 27, 2026  9:44:29 PM] PAUSED for gaming; holding
[Mon, Jul 27, 2026  9:44:59 PM] PAUSED for gaming; holding
[Mon, Jul 27, 2026  9:45:29 PM] PAUSED for gaming; holding
[Mon, Jul 27, 2026  9:45:59 PM] PAUSED for gaming; holding
[Mon, Jul 27, 2026  9:46:29 PM] PAUSED for gaming; holding
[Mon, Jul 27, 2026  9:46:59 PM] PAUSED for gaming; holding
[Mon, Jul 27, 2026  9:47:29 PM] PAUSED for gaming; holding
[Mon, Jul 27, 2026  9:48:00 PM] PAUSED for gaming; holding
[Mon, Jul 27, 2026  9:48:30 PM] PAUSED for gaming; holding
[Mon, Jul 27, 2026  9:49:00 PM] PAUSED for gaming; holding
[Mon, Jul 27, 2026  9:49:30 PM] PAUSED for gaming; holding
[Mon, Jul 27, 2026  9:50:00 PM] PAUSED for gaming; holding
[Mon, Jul 27, 2026  9:50:30 PM] PAUSED for gaming; holding
[Mon, Jul 27, 2026  9:51:00 PM] PAUSED for gaming; holding
[Mon, Jul 27, 2026  9:51:30 PM] PAUSED for gaming; holding
[Mon, Jul 27, 2026  9:52:00 PM] PAUSED for gaming; holding
[Mon, Jul 27, 2026  9:52:30 PM] PAUSED for gaming; holding
[Mon, Jul 27, 2026  9:53:00 PM] PAUSED for gaming; holding
[Mon, Jul 27, 2026  9:53:30 PM] PAUSED for gaming; holding
[Mon, Jul 27, 2026  9:54:00 PM] PAUSED for gaming; holding
[Mon, Jul 27, 2026  9:54:30 PM] PAUSED for gaming; holding
[Mon, Jul 27, 2026  9:55:00 PM] PAUSED for gaming; holding
[Mon, Jul 27, 2026  9:55:31 PM] PAUSED for gaming; holding
[Mon, Jul 27, 2026  9:56:01 PM] PAUSED for gaming; holding
[Mon, Jul 27, 2026  9:56:31 PM] PAUSED for gaming; holding
[Mon, Jul 27, 2026  9:57:01 PM] PAUSED for gaming; holding
[Mon, Jul 27, 2026  9:57:31 PM] PAUSED for gaming; holding
[Mon, Jul 27, 2026  9:58:01 PM] PAUSED for gaming; holding
[Mon, Jul 27, 2026  9:58:31 PM] PAUSED for gaming; holding
[Mon, Jul 27, 2026  9:59:01 PM] PAUSED for gaming; holding
[Mon, Jul 27, 2026  9:59:31 PM] PAUSED for gaming; holding
[Mon, Jul 27, 2026 10:00:01 PM] PAUSED for gaming; holding
[Mon, Jul 27, 2026 10:00:31 PM] PAUSED for gaming; holding
[Mon, Jul 27, 2026 10:01:01 PM] PAUSED for gaming; holding
[Mon, Jul 27, 2026 10:01:31 PM] PAUSED for gaming; holding
[Mon, Jul 27, 2026 10:02:01 PM] PAUSED for gaming; holding
[Mon, Jul 27, 2026 10:02:31 PM] PAUSED for gaming; holding
[Mon, Jul 27, 2026 10:03:01 PM] PAUSED for gaming; holding
[Mon, Jul 27, 2026 10:03:32 PM] PAUSED for gaming; holding
[Mon, Jul 27, 2026 10:04:02 PM] PAUSED for gaming; holding
[Mon, Jul 27, 2026 10:04:32 PM] PAUSED for gaming; holding
[Mon, Jul 27, 2026 10:05:02 PM] PAUSED for gaming; holding
[Mon, Jul 27, 2026 10:05:32 PM] PAUSED for gaming; holding
[Mon, Jul 27, 2026 10:06:02 PM] PAUSED for gaming; holding
[Mon, Jul 27, 2026 10:06:32 PM] PAUSED for gaming; holding
[Mon, Jul 27, 2026 10:07:02 PM] PAUSED for gaming; holding
[Mon, Jul 27, 2026 10:07:32 PM] PAUSED for gaming; holding
[Mon, Jul 27, 2026 10:08:02 PM] PAUSED for gaming; holding
[Mon, Jul 27, 2026 10:08:32 PM] PAUSED for gaming; holding
[Mon, Jul 27, 2026 10:09:02 PM] PAUSED for gaming; holding
[Mon, Jul 27, 2026 10:09:32 PM] PAUSED for gaming; holding
[Mon, Jul 27, 2026 10:10:02 PM] PAUSED for gaming; holding
[Mon, Jul 27, 2026 10:10:32 PM] PAUSED for gaming; holding
[Mon, Jul 27, 2026 10:11:03 PM] PAUSED for gaming; holding
[Mon, Jul 27, 2026 10:11:33 PM] PAUSED for gaming; holding
[Mon, Jul 27, 2026 10:12:03 PM] PAUSED for gaming; holding
[Mon, Jul 27, 2026 10:12:33 PM] PAUSED for gaming; holding
[Mon, Jul 27, 2026 10:13:03 PM] PAUSED for gaming; holding
[Mon, Jul 27, 2026 10:13:33 PM] PAUSED for gaming; holding
[Mon, Jul 27, 2026 10:14:03 PM] PAUSED for gaming; holding
[Mon, Jul 27, 2026 10:14:33 PM] PAUSED for gaming; holding
[Mon, Jul 27, 2026 10:15:03 PM] PAUSED for gaming; holding
[Mon, Jul 27, 2026 10:15:33 PM] PAUSED for gaming; holding
[Mon, Jul 27, 2026 10:16:03 PM] PAUSED for gaming; holding
[Mon, Jul 27, 2026 10:16:33 PM] PAUSED for gaming; holding
[Mon, Jul 27, 2026 10:17:03 PM] PAUSED for gaming; holding
[Mon, Jul 27, 2026 10:17:33 PM] PAUSED for gaming; holding
[Mon, Jul 27, 2026 10:18:03 PM] PAUSED for gaming; holding
[Mon, Jul 27, 2026 10:18:34 PM] PAUSED for gaming; holding
[Mon, Jul 27, 2026 10:19:04 PM] PAUSED for gaming; holding
[Mon, Jul 27, 2026 10:19:34 PM] PAUSED for gaming; holding
[Mon, Jul 27, 2026 10:20:04 PM] PAUSED for gaming; holding
[Mon, Jul 27, 2026 10:20:34 PM] PAUSED for gaming; holding
[Mon, Jul 27, 2026 10:21:04 PM] PAUSED for gaming; holding
[Mon, Jul 27, 2026 10:21:34 PM] PAUSED for gaming; holding
[Mon, Jul 27, 2026 10:22:04 PM] PAUSED for gaming; holding
[Mon, Jul 27, 2026 10:22:34 PM] PAUSED for gaming; holding
[Mon, Jul 27, 2026 10:23:04 PM] PAUSED for gaming; holding
[Mon, Jul 27, 2026 10:23:34 PM] PAUSED for gaming; holding
[Mon, Jul 27, 2026 10:24:04 PM] PAUSED for gaming; holding
[Mon, Jul 27, 2026 10:24:34 PM] PAUSED for gaming; holding
[Mon, Jul 27, 2026 10:25:04 PM] PAUSED for gaming; holding
[Mon, Jul 27, 2026 10:25:34 PM] PAUSED for gaming; holding
[Mon, Jul 27, 2026 10:26:04 PM] PAUSED for gaming; holding
[Mon, Jul 27, 2026 10:26:34 PM] PAUSED for gaming; holding
[Mon, Jul 27, 2026 10:27:05 PM] PAUSED for gaming; holding
[Mon, Jul 27, 2026 10:27:35 PM] PAUSED for gaming; holding
[Mon, Jul 27, 2026 10:28:05 PM] PAUSED for gaming; holding
[Mon, Jul 27, 2026 10:28:35 PM] PAUSED for gaming; holding
[Mon, Jul 27, 2026 10:29:05 PM] PAUSED for gaming; holding
[Mon, Jul 27, 2026 10:29:35 PM] PAUSED for gaming; holding
[Mon, Jul 27, 2026 10:30:05 PM] PAUSED for gaming; holding
[Mon, Jul 27, 2026 10:30:35 PM] PAUSED for gaming; holding
[Mon, Jul 27, 2026 10:31:05 PM] PAUSED for gaming; holding
[Mon, Jul 27, 2026 10:31:35 PM] PAUSED for gaming; holding
[Mon, Jul 27, 2026 10:32:05 PM] PAUSED for gaming; holding
[Mon, Jul 27, 2026 10:32:35 PM] PAUSED for gaming; holding
[Mon, Jul 27, 2026 10:33:05 PM] PAUSED for gaming; holding
[Mon, Jul 27, 2026 10:33:35 PM] PAUSED for gaming; holding
[Mon, Jul 27, 2026 10:34:05 PM] PAUSED for gaming; holding
[Mon, Jul 27, 2026 10:34:35 PM] PAUSED for gaming; holding
[Mon, Jul 27, 2026 10:35:06 PM] PAUSED for gaming; holding
[Mon, Jul 27, 2026 10:35:36 PM] PAUSED for gaming; holding
[Mon, Jul 27, 2026 10:36:06 PM] PAUSED for gaming; holding
[Mon, Jul 27, 2026 10:36:36 PM] PAUSED for gaming; holding
[Mon, Jul 27, 2026 10:37:06 PM] PAUSED for gaming; holding
[Mon, Jul 27, 2026 10:37:36 PM] PAUSED for gaming; holding
[Mon, Jul 27, 2026 10:38:06 PM] PAUSED for gaming; holding
[Mon, Jul 27, 2026 10:38:36 PM] PAUSED for gaming; holding
[Mon, Jul 27, 2026 10:39:06 PM] PAUSED for gaming; holding
[Mon, Jul 27, 2026 10:39:36 PM] PAUSED for gaming; holding
[Mon, Jul 27, 2026 10:40:06 PM] PAUSED for gaming; holding
[Mon, Jul 27, 2026 10:40:36 PM] PAUSED for gaming; holding
[Mon, Jul 27, 2026 10:41:06 PM] PAUSED for gaming; holding
[Mon, Jul 27, 2026 10:41:37 PM] PAUSED for gaming; holding
[Mon, Jul 27, 2026 10:42:07 PM] PAUSED for gaming; holding
[Mon, Jul 27, 2026 10:42:37 PM] PAUSED for gaming; holding
[Mon, Jul 27, 2026 10:43:07 PM] PAUSED for gaming; holding
[Mon, Jul 27, 2026 10:43:37 PM] PAUSED for gaming; holding
[Mon, Jul 27, 2026 10:44:07 PM] PAUSED for gaming; holding
[Mon, Jul 27, 2026 10:44:37 PM] PAUSED for gaming; holding
[Mon, Jul 27, 2026 10:45:07 PM] PAUSED for gaming; holding
[Mon, Jul 27, 2026 10:45:37 PM] PAUSED for gaming; holding
[Mon, Jul 27, 2026 10:46:07 PM] PAUSED for gaming; holding
[Mon, Jul 27, 2026 10:46:37 PM] PAUSED for gaming; holding
[Mon, Jul 27, 2026 10:47:07 PM] PAUSED for gaming; holding
[Mon, Jul 27, 2026 10:47:37 PM] PAUSED for gaming; holding
[Mon, Jul 27, 2026 10:48:07 PM] PAUSED for gaming; holding
[Mon, Jul 27, 2026 10:48:37 PM] PAUSED for gaming; holding
[Mon, Jul 27, 2026 10:49:07 PM] PAUSED for gaming; holding
[Mon, Jul 27, 2026 10:49:37 PM] PAUSED for gaming; holding
[Mon, Jul 27, 2026 10:50:08 PM] PAUSED for gaming; holding
[Mon, Jul 27, 2026 10:50:38 PM] PAUSED for gaming; holding
[Mon, Jul 27, 2026 10:51:08 PM] PAUSED for gaming; holding
[Mon, Jul 27, 2026 10:51:38 PM] PAUSED for gaming; holding
[Mon, Jul 27, 2026 10:52:08 PM] PAUSED for gaming; holding
[Mon, Jul 27, 2026 10:52:38 PM] PAUSED for gaming; holding
[Mon, Jul 27, 2026 10:53:08 PM] PAUSED for gaming; holding
[Mon, Jul 27, 2026 10:53:38 PM] PAUSED for gaming; holding
[Mon, Jul 27, 2026 10:54:08 PM] PAUSED for gaming; holding
[Mon, Jul 27, 2026 10:54:38 PM] PAUSED for gaming; holding
[Mon, Jul 27, 2026 10:55:08 PM] PAUSED for gaming; holding
[Mon, Jul 27, 2026 10:55:38 PM] PAUSED for gaming; holding
[Mon, Jul 27, 2026 10:56:08 PM] PAUSED for gaming; holding
[Mon, Jul 27, 2026 10:56:38 PM] PAUSED for gaming; holding
[Mon, Jul 27, 2026 10:57:08 PM] PAUSED for gaming; holding
[Mon, Jul 27, 2026 10:57:39 PM] PAUSED for gaming; holding
[Mon, Jul 27, 2026 10:58:09 PM] PAUSED for gaming; holding
[Mon, Jul 27, 2026 10:58:39 PM] PAUSED for gaming; holding
[Mon, Jul 27, 2026 10:59:09 PM] PAUSED for gaming; holding
[Mon, Jul 27, 2026 10:59:39 PM] PAUSED for gaming; holding
[Mon, Jul 27, 2026 11:00:09 PM] PAUSED for gaming; holding
[Mon, Jul 27, 2026 11:00:39 PM] PAUSED for gaming; holding
[Mon, Jul 27, 2026 11:01:09 PM] PAUSED for gaming; holding
[Mon, Jul 27, 2026 11:01:39 PM] PAUSED for gaming; holding
[Mon, Jul 27, 2026 11:02:09 PM] PAUSED for gaming; holding
[Mon, Jul 27, 2026 11:02:39 PM] PAUSED for gaming; holding
[Mon, Jul 27, 2026 11:03:09 PM] PAUSED for gaming; holding
[Mon, Jul 27, 2026 11:03:39 PM] PAUSED for gaming; holding
[Mon, Jul 27, 2026 11:04:10 PM] PAUSED for gaming; holding
[Mon, Jul 27, 2026 11:04:40 PM] PAUSED for gaming; holding
[Mon, Jul 27, 2026 11:05:10 PM] PAUSED for gaming; holding
[Mon, Jul 27, 2026 11:05:40 PM] PAUSED for gaming; holding
[Mon, Jul 27, 2026 11:06:10 PM] PAUSED for gaming; holding
[Mon, Jul 27, 2026 11:06:40 PM] PAUSED for gaming; holding
[Mon, Jul 27, 2026 11:07:10 PM] PAUSED for gaming; holding
[Mon, Jul 27, 2026 11:07:40 PM] PAUSED for gaming; holding
[Mon, Jul 27, 2026 11:08:10 PM] PAUSED for gaming; holding
[Mon, Jul 27, 2026 11:08:40 PM] PAUSED for gaming; holding
[Mon, Jul 27, 2026 11:09:10 PM] PAUSED for gaming; holding
[Mon, Jul 27, 2026 11:09:40 PM] PAUSED for gaming; holding
[Mon, Jul 27, 2026 11:10:10 PM] PAUSED for gaming; holding
[Mon, Jul 27, 2026 11:10:40 PM] PAUSED for gaming; holding
[Mon, Jul 27, 2026 11:11:10 PM] PAUSED for gaming; holding
[Mon, Jul 27, 2026 11:11:41 PM] PAUSED for gaming; holding
[Mon, Jul 27, 2026 11:12:11 PM] PAUSED for gaming; holding
[Mon, Jul 27, 2026 11:12:41 PM] PAUSED for gaming; holding
[Mon, Jul 27, 2026 11:13:11 PM] PAUSED for gaming; holding
[Mon, Jul 27, 2026 11:13:41 PM] PAUSED for gaming; holding
[Mon, Jul 27, 2026 11:14:11 PM] PAUSED for gaming; holding
[Mon, Jul 27, 2026 11:14:41 PM] PAUSED for gaming; holding
[Mon, Jul 27, 2026 11:15:11 PM] PAUSED for gaming; holding
[Mon, Jul 27, 2026 11:15:41 PM] PAUSED for gaming; holding
[Mon, Jul 27, 2026 11:16:11 PM] PAUSED for gaming; holding
[Mon, Jul 27, 2026 11:16:41 PM] PAUSED for gaming; holding
[Mon, Jul 27, 2026 11:17:11 PM] PAUSED for gaming; holding
[Mon, Jul 27, 2026 11:17:41 PM] PAUSED for gaming; holding
  kept best   it13  cand win=0.4367 ci=0.0558 (not CI-clear)
== ITER 14  Mon, Jul 27, 2026 11:25:02 PM ==
  kept best   it14  cand win=0.4750 ci=0.0563 (not CI-clear)
== ITER 15  Mon, Jul 27, 2026 11:42:57 PM ==
  kept best   it15  cand win=0.4733 ci=0.0566 (not CI-clear)
  REF it15  vs_champ=0.0950 vs_book=0.1500 vs_default=0.4275 best_cul(vs_champ side)
== ITER 16  Tue, Jul 28, 2026 12:10:57 AM ==
  kept best   it16  cand win=0.4733 ci=0.0564 (not CI-clear)
== ITER 17  Tue, Jul 28, 2026 12:26:59 AM ==
  kept best   it17  cand win=0.4083 ci=0.0554 (not CI-clear)
== ITER 18  Tue, Jul 28, 2026 12:45:18 AM ==
  kept best   it18  cand win=0.4467 ci=0.0562 (not CI-clear)
  REF it18  vs_champ=0.0950 vs_book=0.1500 vs_default=0.4275 best_cul(vs_champ side)
== ITER 19  Tue, Jul 28, 2026  1:11:42 AM ==
  kept best   it19  cand win=0.4350 ci=0.0561 (not CI-clear)
== ITER 20  Tue, Jul 28, 2026  1:31:56 AM ==
  kept best   it20  cand win=0.4633 ci=0.0563 (not CI-clear)
== ITER 21  Tue, Jul 28, 2026  1:51:05 AM ==
  kept best   it21  cand win=0.4550 ci=0.0563 (not CI-clear)
  REF it21  vs_champ=0.0950 vs_book=0.1500 vs_default=0.4275 best_cul(vs_champ side)
== ITER 22  Tue, Jul 28, 2026  2:18:52 AM ==
  kept best   it22  cand win=0.4367 ci=0.0560 (not CI-clear)
== ITER 23  Tue, Jul 28, 2026  2:37:52 AM ==
  kept best   it23  cand win=0.4583 ci=0.0564 (not CI-clear)
== ITER 24  Tue, Jul 28, 2026  2:58:05 AM ==
  kept best   it24  cand win=0.4200 ci=0.0556 (not CI-clear)
  REF it24  vs_champ=0.0950 vs_book=0.1500 vs_default=0.4275 best_cul(vs_champ side)
== ITER 25  Tue, Jul 28, 2026  3:26:03 AM ==
  kept best   it25  cand win=0.4650 ci=0.0564 (not CI-clear)
== ITER 26  Tue, Jul 28, 2026  3:46:30 AM ==
  kept best   it26  cand win=0.5183 ci=0.0565 (not CI-clear)
== ITER 27  Tue, Jul 28, 2026  4:02:48 AM ==
  kept best   it27  cand win=0.4867 ci=0.0565 (not CI-clear)
  REF it27  vs_champ=0.0950 vs_book=0.1500 vs_default=0.4275 best_cul(vs_champ side)
== ITER 28  Tue, Jul 28, 2026  4:30:28 AM ==
  kept best   it28  cand win=0.3617 ci=0.0542 (not CI-clear)
== ITER 29  Tue, Jul 28, 2026  4:48:20 AM ==
  kept best   it29  cand win=0.4733 ci=0.0562 (not CI-clear)
== ITER 30  Tue, Jul 28, 2026  5:07:54 AM ==
  kept best   it30  cand win=0.3783 ci=0.0549 (not CI-clear)
  REF it30  vs_champ=0.0950 vs_book=0.1500 vs_default=0.4275 best_cul(vs_champ side)
== ITER 31  Tue, Jul 28, 2026  5:32:37 AM ==
  kept best   it31  cand win=0.4150 ci=0.0558 (not CI-clear)
== ITER 32  Tue, Jul 28, 2026  5:52:39 AM ==
  kept best   it32  cand win=0.4567 ci=0.0565 (not CI-clear)
== ITER 33  Tue, Jul 28, 2026  6:12:55 AM ==
  kept best   it33  cand win=0.4150 ci=0.0558 (not CI-clear)
  REF it33  vs_champ=0.0950 vs_book=0.1500 vs_default=0.4275 best_cul(vs_champ side)
== ITER 34  Tue, Jul 28, 2026  6:41:46 AM ==
  kept best   it34  cand win=0.4333 ci=0.0562 (not CI-clear)
== ITER 35  Tue, Jul 28, 2026  7:01:10 AM ==
  kept best   it35  cand win=0.4067 ci=0.0555 (not CI-clear)
== ITER 36  Tue, Jul 28, 2026  7:18:16 AM ==
  kept best   it36  cand win=0.4167 ci=0.0555 (not CI-clear)
  REF it36  vs_champ=0.0950 vs_book=0.1500 vs_default=0.4275 best_cul(vs_champ side)
== ITER 37  Tue, Jul 28, 2026  7:48:36 AM ==
  kept best   it37  cand win=0.4117 ci=0.0557 (not CI-clear)
== ITER 38  Tue, Jul 28, 2026  8:06:28 AM ==
  kept best   it38  cand win=0.4200 ci=0.0558 (not CI-clear)
== ITER 39  Tue, Jul 28, 2026  8:25:27 AM ==
  kept best   it39  cand win=0 ci=1 (not CI-clear)
  REF it39  vs_champ=0.0950 vs_book=0.1500 vs_default=0.4275 best_cul(vs_champ side)
== ITER 40  Tue, Jul 28, 2026  8:47:38 AM ==
[Tue, Jul 28, 2026  8:47:38 AM] PAUSED for gaming; holding
[Tue, Jul 28, 2026  8:48:08 AM] PAUSED for gaming; holding
[Tue, Jul 28, 2026  8:48:38 AM] PAUSED for gaming; holding
[Tue, Jul 28, 2026  8:49:08 AM] PAUSED for gaming; holding
[Tue, Jul 28, 2026  8:49:38 AM] PAUSED for gaming; holding
[Tue, Jul 28, 2026  8:50:08 AM] PAUSED for gaming; holding
[Tue, Jul 28, 2026  8:50:38 AM] PAUSED for gaming; holding
[Tue, Jul 28, 2026  8:51:08 AM] PAUSED for gaming; holding
[Tue, Jul 28, 2026  8:51:38 AM] PAUSED for gaming; holding
[Tue, Jul 28, 2026  8:52:08 AM] PAUSED for gaming; holding
[Tue, Jul 28, 2026  8:52:39 AM] PAUSED for gaming; holding
[Tue, Jul 28, 2026  8:53:09 AM] PAUSED for gaming; holding
[Tue, Jul 28, 2026  8:53:39 AM] PAUSED for gaming; holding
[Tue, Jul 28, 2026  8:54:09 AM] PAUSED for gaming; holding
[Tue, Jul 28, 2026  8:54:39 AM] PAUSED for gaming; holding
[Tue, Jul 28, 2026  8:55:09 AM] PAUSED for gaming; holding
[Tue, Jul 28, 2026  8:55:39 AM] PAUSED for gaming; holding
[Tue, Jul 28, 2026  8:56:09 AM] PAUSED for gaming; holding
[Tue, Jul 28, 2026  8:56:39 AM] PAUSED for gaming; holding
[Tue, Jul 28, 2026  8:57:09 AM] PAUSED for gaming; holding
[Tue, Jul 28, 2026  8:57:39 AM] PAUSED for gaming; holding
[Tue, Jul 28, 2026  8:58:09 AM] PAUSED for gaming; holding
[Tue, Jul 28, 2026  8:58:39 AM] PAUSED for gaming; holding
[Tue, Jul 28, 2026  8:59:09 AM] PAUSED for gaming; holding
[Tue, Jul 28, 2026  8:59:39 AM] PAUSED for gaming; holding
[Tue, Jul 28, 2026  9:00:09 AM] PAUSED for gaming; holding
[Tue, Jul 28, 2026  9:00:40 AM] PAUSED for gaming; holding
[Tue, Jul 28, 2026  9:01:10 AM] PAUSED for gaming; holding
[Tue, Jul 28, 2026  9:01:40 AM] PAUSED for gaming; holding
[Tue, Jul 28, 2026  9:02:10 AM] PAUSED for gaming; holding
[Tue, Jul 28, 2026  9:02:40 AM] PAUSED for gaming; holding
[Tue, Jul 28, 2026  9:03:10 AM] PAUSED for gaming; holding
[Tue, Jul 28, 2026  9:03:40 AM] PAUSED for gaming; holding
[Tue, Jul 28, 2026  9:04:10 AM] PAUSED for gaming; holding
[Tue, Jul 28, 2026  9:04:40 AM] PAUSED for gaming; holding
[Tue, Jul 28, 2026  9:05:10 AM] PAUSED for gaming; holding
[Tue, Jul 28, 2026  9:05:40 AM] PAUSED for gaming; holding
[Tue, Jul 28, 2026  9:06:10 AM] PAUSED for gaming; holding
[Tue, Jul 28, 2026  9:06:41 AM] PAUSED for gaming; holding
[Tue, Jul 28, 2026  9:07:11 AM] PAUSED for gaming; holding
[Tue, Jul 28, 2026  9:07:41 AM] PAUSED for gaming; holding
[Tue, Jul 28, 2026  9:08:11 AM] PAUSED for gaming; holding
[Tue, Jul 28, 2026  9:08:41 AM] PAUSED for gaming; holding
[Tue, Jul 28, 2026  9:09:11 AM] PAUSED for gaming; holding
[Tue, Jul 28, 2026  9:09:41 AM] PAUSED for gaming; holding
[Tue, Jul 28, 2026  9:10:11 AM] PAUSED for gaming; holding
[Tue, Jul 28, 2026  9:10:41 AM] PAUSED for gaming; holding
[Tue, Jul 28, 2026  9:11:11 AM] PAUSED for gaming; holding
[Tue, Jul 28, 2026  9:11:41 AM] PAUSED for gaming; holding
[Tue, Jul 28, 2026  9:12:11 AM] PAUSED for gaming; holding
[Tue, Jul 28, 2026  9:12:41 AM] PAUSED for gaming; holding
[Tue, Jul 28, 2026  9:13:12 AM] PAUSED for gaming; holding
[Tue, Jul 28, 2026  9:13:42 AM] PAUSED for gaming; holding
[Tue, Jul 28, 2026  9:14:12 AM] PAUSED for gaming; holding
[Tue, Jul 28, 2026  9:14:42 AM] PAUSED for gaming; holding
[Tue, Jul 28, 2026  9:15:12 AM] PAUSED for gaming; holding
[Tue, Jul 28, 2026  9:15:42 AM] PAUSED for gaming; holding
[Tue, Jul 28, 2026  9:16:12 AM] PAUSED for gaming; holding
[Tue, Jul 28, 2026  9:16:42 AM] PAUSED for gaming; holding
[Tue, Jul 28, 2026  9:17:12 AM] PAUSED for gaming; holding
[Tue, Jul 28, 2026  9:17:42 AM] PAUSED for gaming; holding
[Tue, Jul 28, 2026  9:18:12 AM] PAUSED for gaming; holding
[Tue, Jul 28, 2026  9:18:42 AM] PAUSED for gaming; holding
[Tue, Jul 28, 2026  9:19:12 AM] PAUSED for gaming; holding
[Tue, Jul 28, 2026  9:19:42 AM] PAUSED for gaming; holding
[Tue, Jul 28, 2026  9:20:13 AM] PAUSED for gaming; holding
[Tue, Jul 28, 2026  9:20:43 AM] PAUSED for gaming; holding
[Tue, Jul 28, 2026  9:21:13 AM] PAUSED for gaming; holding
[Tue, Jul 28, 2026  9:21:43 AM] PAUSED for gaming; holding
[Tue, Jul 28, 2026  9:22:13 AM] PAUSED for gaming; holding
[Tue, Jul 28, 2026  9:22:43 AM] PAUSED for gaming; holding
[Tue, Jul 28, 2026  9:23:13 AM] PAUSED for gaming; holding
[Tue, Jul 28, 2026  9:23:43 AM] PAUSED for gaming; holding
[Tue, Jul 28, 2026  9:24:13 AM] PAUSED for gaming; holding
[Tue, Jul 28, 2026  9:24:43 AM] PAUSED for gaming; holding
[Tue, Jul 28, 2026  9:25:13 AM] PAUSED for gaming; holding
[Tue, Jul 28, 2026  9:25:43 AM] PAUSED for gaming; holding
[Tue, Jul 28, 2026  9:26:13 AM] PAUSED for gaming; holding
[Tue, Jul 28, 2026  9:26:43 AM] PAUSED for gaming; holding
[Tue, Jul 28, 2026  9:27:13 AM] PAUSED for gaming; holding
[Tue, Jul 28, 2026  9:27:43 AM] PAUSED for gaming; holding
[Tue, Jul 28, 2026  9:28:14 AM] PAUSED for gaming; holding
[Tue, Jul 28, 2026  9:28:44 AM] PAUSED for gaming; holding
[Tue, Jul 28, 2026  9:29:14 AM] PAUSED for gaming; holding
[Tue, Jul 28, 2026  9:29:44 AM] PAUSED for gaming; holding
[Tue, Jul 28, 2026  9:30:14 AM] PAUSED for gaming; holding
[Tue, Jul 28, 2026  9:30:44 AM] PAUSED for gaming; holding
[Tue, Jul 28, 2026  9:31:14 AM] PAUSED for gaming; holding
[Tue, Jul 28, 2026  9:31:44 AM] PAUSED for gaming; holding
[Tue, Jul 28, 2026  9:32:14 AM] PAUSED for gaming; holding
[Tue, Jul 28, 2026  9:32:44 AM] PAUSED for gaming; holding
[Tue, Jul 28, 2026  9:33:14 AM] PAUSED for gaming; holding
[Tue, Jul 28, 2026  9:33:44 AM] PAUSED for gaming; holding
[Tue, Jul 28, 2026  9:34:14 AM] PAUSED for gaming; holding
[Tue, Jul 28, 2026  9:34:45 AM] PAUSED for gaming; holding
[Tue, Jul 28, 2026  9:35:15 AM] PAUSED for gaming; holding
[Tue, Jul 28, 2026  9:35:45 AM] PAUSED for gaming; holding
[Tue, Jul 28, 2026  9:36:15 AM] PAUSED for gaming; holding
[Tue, Jul 28, 2026  9:36:45 AM] PAUSED for gaming; holding
[Tue, Jul 28, 2026  9:37:15 AM] PAUSED for gaming; holding
[Tue, Jul 28, 2026  9:37:45 AM] PAUSED for gaming; holding
[Tue, Jul 28, 2026  9:38:15 AM] PAUSED for gaming; holding
[Tue, Jul 28, 2026  9:38:45 AM] PAUSED for gaming; holding
[Tue, Jul 28, 2026  9:39:15 AM] PAUSED for gaming; holding
[Tue, Jul 28, 2026  9:39:45 AM] PAUSED for gaming; holding
[Tue, Jul 28, 2026  9:40:15 AM] PAUSED for gaming; holding
[Tue, Jul 28, 2026  9:40:45 AM] PAUSED for gaming; holding
[Tue, Jul 28, 2026  9:41:15 AM] PAUSED for gaming; holding
[Tue, Jul 28, 2026  9:41:45 AM] PAUSED for gaming; holding
[Tue, Jul 28, 2026  9:42:15 AM] PAUSED for gaming; holding
[Tue, Jul 28, 2026  9:42:46 AM] PAUSED for gaming; holding
[Tue, Jul 28, 2026  9:43:16 AM] PAUSED for gaming; holding
[Tue, Jul 28, 2026  9:43:46 AM] PAUSED for gaming; holding
[Tue, Jul 28, 2026  9:44:16 AM] PAUSED for gaming; holding
[Tue, Jul 28, 2026  9:44:46 AM] PAUSED for gaming; holding
[Tue, Jul 28, 2026  9:45:16 AM] PAUSED for gaming; holding
[Tue, Jul 28, 2026  9:45:46 AM] PAUSED for gaming; holding
[Tue, Jul 28, 2026  9:46:16 AM] PAUSED for gaming; holding
[Tue, Jul 28, 2026  9:46:46 AM] PAUSED for gaming; holding
[Tue, Jul 28, 2026  9:47:16 AM] PAUSED for gaming; holding
[Tue, Jul 28, 2026  9:47:46 AM] PAUSED for gaming; holding
[Tue, Jul 28, 2026  9:48:16 AM] PAUSED for gaming; holding
[Tue, Jul 28, 2026  9:48:46 AM] PAUSED for gaming; holding
[Tue, Jul 28, 2026  9:49:17 AM] PAUSED for gaming; holding
[Tue, Jul 28, 2026  9:49:47 AM] PAUSED for gaming; holding
[Tue, Jul 28, 2026  9:50:17 AM] PAUSED for gaming; holding
[Tue, Jul 28, 2026  9:50:47 AM] PAUSED for gaming; holding
[Tue, Jul 28, 2026  9:51:17 AM] PAUSED for gaming; holding
[Tue, Jul 28, 2026  9:51:47 AM] PAUSED for gaming; holding
[Tue, Jul 28, 2026  9:52:17 AM] PAUSED for gaming; holding
[Tue, Jul 28, 2026  9:52:47 AM] PAUSED for gaming; holding
[Tue, Jul 28, 2026  9:53:17 AM] PAUSED for gaming; holding
[Tue, Jul 28, 2026  9:53:47 AM] PAUSED for gaming; holding
[Tue, Jul 28, 2026  9:54:17 AM] PAUSED for gaming; holding
[Tue, Jul 28, 2026  9:54:47 AM] PAUSED for gaming; holding
[Tue, Jul 28, 2026  9:55:17 AM] PAUSED for gaming; holding
[Tue, Jul 28, 2026  9:55:47 AM] PAUSED for gaming; holding
[Tue, Jul 28, 2026  9:56:17 AM] PAUSED for gaming; holding
[Tue, Jul 28, 2026  9:56:47 AM] PAUSED for gaming; holding
[Tue, Jul 28, 2026  9:57:18 AM] PAUSED for gaming; holding
[Tue, Jul 28, 2026  9:57:48 AM] PAUSED for gaming; holding
[Tue, Jul 28, 2026  9:58:18 AM] PAUSED for gaming; holding
[Tue, Jul 28, 2026  9:58:48 AM] PAUSED for gaming; holding
[Tue, Jul 28, 2026  9:59:18 AM] PAUSED for gaming; holding
[Tue, Jul 28, 2026  9:59:48 AM] PAUSED for gaming; holding
[Tue, Jul 28, 2026 10:00:18 AM] PAUSED for gaming; holding
[Tue, Jul 28, 2026 10:00:48 AM] PAUSED for gaming; holding
[Tue, Jul 28, 2026 10:01:18 AM] PAUSED for gaming; holding
[Tue, Jul 28, 2026 10:01:48 AM] PAUSED for gaming; holding
[Tue, Jul 28, 2026 10:02:18 AM] PAUSED for gaming; holding
[Tue, Jul 28, 2026 10:02:48 AM] PAUSED for gaming; holding
[Tue, Jul 28, 2026 10:03:19 AM] PAUSED for gaming; holding
[Tue, Jul 28, 2026 10:03:49 AM] PAUSED for gaming; holding
[Tue, Jul 28, 2026 10:04:19 AM] PAUSED for gaming; holding
[Tue, Jul 28, 2026 10:04:49 AM] PAUSED for gaming; holding
[Tue, Jul 28, 2026 10:05:19 AM] PAUSED for gaming; holding
[Tue, Jul 28, 2026 10:05:49 AM] PAUSED for gaming; holding
[Tue, Jul 28, 2026 10:06:19 AM] PAUSED for gaming; holding
[Tue, Jul 28, 2026 10:06:49 AM] PAUSED for gaming; holding
[Tue, Jul 28, 2026 10:07:19 AM] PAUSED for gaming; holding
[Tue, Jul 28, 2026 10:07:49 AM] PAUSED for gaming; holding
[Tue, Jul 28, 2026 10:08:19 AM] PAUSED for gaming; holding
[Tue, Jul 28, 2026 10:08:49 AM] PAUSED for gaming; holding
[Tue, Jul 28, 2026 10:09:19 AM] PAUSED for gaming; holding
[Tue, Jul 28, 2026 10:09:50 AM] PAUSED for gaming; holding
[Tue, Jul 28, 2026 10:10:20 AM] PAUSED for gaming; holding
[Tue, Jul 28, 2026 10:10:50 AM] PAUSED for gaming; holding
[Tue, Jul 28, 2026 10:11:20 AM] PAUSED for gaming; holding
[Tue, Jul 28, 2026 10:11:50 AM] PAUSED for gaming; holding
[Tue, Jul 28, 2026 10:12:20 AM] PAUSED for gaming; holding
[Tue, Jul 28, 2026 10:12:50 AM] PAUSED for gaming; holding
[Tue, Jul 28, 2026 10:13:20 AM] PAUSED for gaming; holding
[Tue, Jul 28, 2026 10:13:50 AM] PAUSED for gaming; holding
[Tue, Jul 28, 2026 10:14:20 AM] PAUSED for gaming; holding
[Tue, Jul 28, 2026 10:14:50 AM] PAUSED for gaming; holding
[Tue, Jul 28, 2026 10:15:20 AM] PAUSED for gaming; holding
[Tue, Jul 28, 2026 10:15:50 AM] PAUSED for gaming; holding
[Tue, Jul 28, 2026 10:16:21 AM] PAUSED for gaming; holding
[Tue, Jul 28, 2026 10:16:51 AM] PAUSED for gaming; holding
[Tue, Jul 28, 2026 10:17:21 AM] PAUSED for gaming; holding
[Tue, Jul 28, 2026 10:17:51 AM] PAUSED for gaming; holding
[Tue, Jul 28, 2026 10:18:21 AM] PAUSED for gaming; holding
[Tue, Jul 28, 2026 10:18:51 AM] PAUSED for gaming; holding
[Tue, Jul 28, 2026 10:19:21 AM] PAUSED for gaming; holding
[Tue, Jul 28, 2026 10:19:51 AM] PAUSED for gaming; holding
[Tue, Jul 28, 2026 10:20:21 AM] PAUSED for gaming; holding
[Tue, Jul 28, 2026 10:20:51 AM] PAUSED for gaming; holding
[Tue, Jul 28, 2026 10:21:21 AM] PAUSED for gaming; holding
[Tue, Jul 28, 2026 10:21:51 AM] PAUSED for gaming; holding
[Tue, Jul 28, 2026 10:22:21 AM] PAUSED for gaming; holding
[Tue, Jul 28, 2026 10:22:51 AM] PAUSED for gaming; holding
[Tue, Jul 28, 2026 10:23:22 AM] PAUSED for gaming; holding
[Tue, Jul 28, 2026 10:23:52 AM] PAUSED for gaming; holding
[Tue, Jul 28, 2026 10:24:22 AM] PAUSED for gaming; holding
[Tue, Jul 28, 2026 10:24:52 AM] PAUSED for gaming; holding
[Tue, Jul 28, 2026 10:25:22 AM] PAUSED for gaming; holding
[Tue, Jul 28, 2026 10:25:52 AM] PAUSED for gaming; holding
[Tue, Jul 28, 2026 10:26:22 AM] PAUSED for gaming; holding
[Tue, Jul 28, 2026 10:26:52 AM] PAUSED for gaming; holding
[Tue, Jul 28, 2026 10:27:22 AM] PAUSED for gaming; holding
[Tue, Jul 28, 2026 10:27:52 AM] PAUSED for gaming; holding
[Tue, Jul 28, 2026 10:28:22 AM] PAUSED for gaming; holding
[Tue, Jul 28, 2026 10:28:52 AM] PAUSED for gaming; holding
[Tue, Jul 28, 2026 10:29:22 AM] PAUSED for gaming; holding
[Tue, Jul 28, 2026 10:29:53 AM] PAUSED for gaming; holding
[Tue, Jul 28, 2026 10:30:23 AM] PAUSED for gaming; holding
[Tue, Jul 28, 2026 10:30:53 AM] PAUSED for gaming; holding
[Tue, Jul 28, 2026 10:31:23 AM] PAUSED for gaming; holding
[Tue, Jul 28, 2026 10:31:53 AM] PAUSED for gaming; holding
[Tue, Jul 28, 2026 10:32:23 AM] PAUSED for gaming; holding
[Tue, Jul 28, 2026 10:32:53 AM] PAUSED for gaming; holding
[Tue, Jul 28, 2026 10:33:23 AM] PAUSED for gaming; holding
[Tue, Jul 28, 2026 10:33:53 AM] PAUSED for gaming; holding
[Tue, Jul 28, 2026 10:34:23 AM] PAUSED for gaming; holding
[Tue, Jul 28, 2026 10:34:53 AM] PAUSED for gaming; holding
[Tue, Jul 28, 2026 10:35:24 AM] PAUSED for gaming; holding
[Tue, Jul 28, 2026 10:35:54 AM] PAUSED for gaming; holding
[Tue, Jul 28, 2026 10:36:24 AM] PAUSED for gaming; holding
[Tue, Jul 28, 2026 10:36:54 AM] PAUSED for gaming; holding
[Tue, Jul 28, 2026 10:37:24 AM] PAUSED for gaming; holding
[Tue, Jul 28, 2026 10:37:54 AM] PAUSED for gaming; holding
[Tue, Jul 28, 2026 10:38:24 AM] PAUSED for gaming; holding
[Tue, Jul 28, 2026 10:38:54 AM] PAUSED for gaming; holding
[Tue, Jul 28, 2026 10:39:24 AM] PAUSED for gaming; holding
[Tue, Jul 28, 2026 10:39:54 AM] PAUSED for gaming; holding
[Tue, Jul 28, 2026 10:40:24 AM] PAUSED for gaming; holding
[Tue, Jul 28, 2026 10:40:54 AM] PAUSED for gaming; holding
[Tue, Jul 28, 2026 10:41:24 AM] PAUSED for gaming; holding
[Tue, Jul 28, 2026 10:41:54 AM] PAUSED for gaming; holding
[Tue, Jul 28, 2026 10:42:25 AM] PAUSED for gaming; holding
[Tue, Jul 28, 2026 10:42:55 AM] PAUSED for gaming; holding
[Tue, Jul 28, 2026 10:43:25 AM] PAUSED for gaming; holding
[Tue, Jul 28, 2026 10:43:55 AM] PAUSED for gaming; holding
[Tue, Jul 28, 2026 10:44:25 AM] PAUSED for gaming; holding
[Tue, Jul 28, 2026 10:44:55 AM] PAUSED for gaming; holding
[Tue, Jul 28, 2026 10:45:25 AM] PAUSED for gaming; holding
[Tue, Jul 28, 2026 10:45:55 AM] PAUSED for gaming; holding
[Tue, Jul 28, 2026 10:46:25 AM] PAUSED for gaming; holding
[Tue, Jul 28, 2026 10:46:55 AM] PAUSED for gaming; holding
[Tue, Jul 28, 2026 10:47:25 AM] PAUSED for gaming; holding
[Tue, Jul 28, 2026 10:47:55 AM] PAUSED for gaming; holding
[Tue, Jul 28, 2026 10:48:25 AM] PAUSED for gaming; holding
[Tue, Jul 28, 2026 10:48:55 AM] PAUSED for gaming; holding
[Tue, Jul 28, 2026 10:49:26 AM] PAUSED for gaming; holding
[Tue, Jul 28, 2026 10:49:56 AM] PAUSED for gaming; holding
[Tue, Jul 28, 2026 10:50:26 AM] PAUSED for gaming; holding
[Tue, Jul 28, 2026 10:50:56 AM] PAUSED for gaming; holding
[Tue, Jul 28, 2026 10:51:26 AM] PAUSED for gaming; holding
[Tue, Jul 28, 2026 10:51:56 AM] PAUSED for gaming; holding
[Tue, Jul 28, 2026 10:52:26 AM] PAUSED for gaming; holding
[Tue, Jul 28, 2026 10:52:56 AM] PAUSED for gaming; holding
[Tue, Jul 28, 2026 10:53:26 AM] PAUSED for gaming; holding
[Tue, Jul 28, 2026 10:53:56 AM] PAUSED for gaming; holding
[Tue, Jul 28, 2026 10:54:26 AM] PAUSED for gaming; holding
[Tue, Jul 28, 2026 10:54:56 AM] PAUSED for gaming; holding
[Tue, Jul 28, 2026 10:55:26 AM] PAUSED for gaming; holding
[Tue, Jul 28, 2026 10:55:57 AM] PAUSED for gaming; holding
[Tue, Jul 28, 2026 10:56:27 AM] PAUSED for gaming; holding
[Tue, Jul 28, 2026 10:56:57 AM] PAUSED for gaming; holding
[Tue, Jul 28, 2026 10:57:27 AM] PAUSED for gaming; holding
[Tue, Jul 28, 2026 10:57:57 AM] PAUSED for gaming; holding
[Tue, Jul 28, 2026 10:58:27 AM] PAUSED for gaming; holding
[Tue, Jul 28, 2026 10:58:57 AM] PAUSED for gaming; holding
[Tue, Jul 28, 2026 10:59:27 AM] PAUSED for gaming; holding
[Tue, Jul 28, 2026 10:59:57 AM] PAUSED for gaming; holding
[Tue, Jul 28, 2026 11:00:27 AM] PAUSED for gaming; holding
[Tue, Jul 28, 2026 11:00:57 AM] PAUSED for gaming; holding
[Tue, Jul 28, 2026 11:01:27 AM] PAUSED for gaming; holding
[Tue, Jul 28, 2026 11:01:57 AM] PAUSED for gaming; holding
[Tue, Jul 28, 2026 11:02:27 AM] PAUSED for gaming; holding
[Tue, Jul 28, 2026 11:02:57 AM] PAUSED for gaming; holding
[Tue, Jul 28, 2026 11:03:28 AM] PAUSED for gaming; holding
[Tue, Jul 28, 2026 11:03:58 AM] PAUSED for gaming; holding
[Tue, Jul 28, 2026 11:04:28 AM] PAUSED for gaming; holding
[Tue, Jul 28, 2026 11:04:58 AM] PAUSED for gaming; holding
[Tue, Jul 28, 2026 11:05:28 AM] PAUSED for gaming; holding
[Tue, Jul 28, 2026 11:05:58 AM] PAUSED for gaming; holding
[Tue, Jul 28, 2026 11:06:28 AM] PAUSED for gaming; holding
[Tue, Jul 28, 2026 11:06:58 AM] PAUSED for gaming; holding
[Tue, Jul 28, 2026 11:07:28 AM] PAUSED for gaming; holding
[Tue, Jul 28, 2026 11:07:58 AM] PAUSED for gaming; holding
[Tue, Jul 28, 2026 11:08:28 AM] PAUSED for gaming; holding
[Tue, Jul 28, 2026 11:08:58 AM] PAUSED for gaming; holding
[Tue, Jul 28, 2026 11:09:28 AM] PAUSED for gaming; holding
[Tue, Jul 28, 2026 11:09:59 AM] PAUSED for gaming; holding
[Tue, Jul 28, 2026 11:10:29 AM] PAUSED for gaming; holding
[Tue, Jul 28, 2026 11:10:59 AM] PAUSED for gaming; holding
[Tue, Jul 28, 2026 11:11:29 AM] PAUSED for gaming; holding
[Tue, Jul 28, 2026 11:11:59 AM] PAUSED for gaming; holding
[Tue, Jul 28, 2026 11:12:29 AM] PAUSED for gaming; holding
[Tue, Jul 28, 2026 11:12:59 AM] PAUSED for gaming; holding
[Tue, Jul 28, 2026 11:13:29 AM] PAUSED for gaming; holding
[Tue, Jul 28, 2026 11:13:59 AM] PAUSED for gaming; holding
[Tue, Jul 28, 2026 11:14:29 AM] PAUSED for gaming; holding
[Tue, Jul 28, 2026 11:14:59 AM] PAUSED for gaming; holding
[Tue, Jul 28, 2026 11:15:29 AM] PAUSED for gaming; holding
[Tue, Jul 28, 2026 11:15:59 AM] PAUSED for gaming; holding
[Tue, Jul 28, 2026 11:16:30 AM] PAUSED for gaming; holding
[Tue, Jul 28, 2026 11:17:00 AM] PAUSED for gaming; holding
[Tue, Jul 28, 2026 11:17:30 AM] PAUSED for gaming; holding
[Tue, Jul 28, 2026 11:18:00 AM] PAUSED for gaming; holding
[Tue, Jul 28, 2026 11:18:30 AM] PAUSED for gaming; holding
[Tue, Jul 28, 2026 11:19:00 AM] PAUSED for gaming; holding
[Tue, Jul 28, 2026 11:19:30 AM] PAUSED for gaming; holding
[Tue, Jul 28, 2026 11:20:00 AM] PAUSED for gaming; holding
[Tue, Jul 28, 2026 11:20:30 AM] PAUSED for gaming; holding
[Tue, Jul 28, 2026 11:21:00 AM] PAUSED for gaming; holding
[Tue, Jul 28, 2026 11:21:30 AM] PAUSED for gaming; holding
[Tue, Jul 28, 2026 11:22:00 AM] PAUSED for gaming; holding
  kept best   it40  cand win=0 ci=1 (not CI-clear)
== ITER 41  Tue, Jul 28, 2026 11:42:10 AM ==
[Tue, Jul 28, 2026 11:42:11 AM] PAUSED for gaming; holding
[Tue, Jul 28, 2026 11:42:41 AM] PAUSED for gaming; holding
[Tue, Jul 28, 2026 11:43:11 AM] PAUSED for gaming; holding
[Tue, Jul 28, 2026 11:43:41 AM] PAUSED for gaming; holding
[Tue, Jul 28, 2026 11:44:11 AM] PAUSED for gaming; holding
[Tue, Jul 28, 2026 11:44:41 AM] PAUSED for gaming; holding
[Tue, Jul 28, 2026 11:45:11 AM] PAUSED for gaming; holding
[Tue, Jul 28, 2026 11:45:41 AM] PAUSED for gaming; holding
[Tue, Jul 28, 2026 11:46:11 AM] PAUSED for gaming; holding
[Tue, Jul 28, 2026 11:46:41 AM] PAUSED for gaming; holding
[Tue, Jul 28, 2026 11:47:11 AM] PAUSED for gaming; holding
[Tue, Jul 28, 2026 11:47:41 AM] PAUSED for gaming; holding
[Tue, Jul 28, 2026 11:48:11 AM] PAUSED for gaming; holding
[Tue, Jul 28, 2026 11:48:41 AM] PAUSED for gaming; holding
[Tue, Jul 28, 2026 11:49:12 AM] PAUSED for gaming; holding
[Tue, Jul 28, 2026 11:49:42 AM] PAUSED for gaming; holding
[Tue, Jul 28, 2026 11:50:12 AM] PAUSED for gaming; holding
[Tue, Jul 28, 2026 11:50:42 AM] PAUSED for gaming; holding
[Tue, Jul 28, 2026 11:51:12 AM] PAUSED for gaming; holding
[Tue, Jul 28, 2026 11:51:42 AM] PAUSED for gaming; holding
[Tue, Jul 28, 2026 11:52:12 AM] PAUSED for gaming; holding
[Tue, Jul 28, 2026 11:52:42 AM] PAUSED for gaming; holding
[Tue, Jul 28, 2026 11:53:12 AM] PAUSED for gaming; holding
[Tue, Jul 28, 2026 11:53:42 AM] PAUSED for gaming; holding
[Tue, Jul 28, 2026 11:54:12 AM] PAUSED for gaming; holding
[Tue, Jul 28, 2026 11:54:42 AM] PAUSED for gaming; holding
[Tue, Jul 28, 2026 11:55:12 AM] PAUSED for gaming; holding
[Tue, Jul 28, 2026 11:55:42 AM] PAUSED for gaming; holding
[Tue, Jul 28, 2026 11:56:12 AM] PAUSED for gaming; holding
[Tue, Jul 28, 2026 11:56:43 AM] PAUSED for gaming; holding
[Tue, Jul 28, 2026 11:57:13 AM] PAUSED for gaming; holding
[Tue, Jul 28, 2026 11:57:43 AM] PAUSED for gaming; holding
[Tue, Jul 28, 2026 11:58:13 AM] PAUSED for gaming; holding
[Tue, Jul 28, 2026 11:58:43 AM] PAUSED for gaming; holding
[Tue, Jul 28, 2026 11:59:13 AM] PAUSED for gaming; holding
[Tue, Jul 28, 2026 11:59:43 AM] PAUSED for gaming; holding
[Tue, Jul 28, 2026 12:00:13 PM] PAUSED for gaming; holding
[Tue, Jul 28, 2026 12:00:43 PM] PAUSED for gaming; holding
[Tue, Jul 28, 2026 12:01:13 PM] PAUSED for gaming; holding
[Tue, Jul 28, 2026 12:01:43 PM] PAUSED for gaming; holding
[Tue, Jul 28, 2026 12:02:13 PM] PAUSED for gaming; holding
[Tue, Jul 28, 2026 12:02:43 PM] PAUSED for gaming; holding
[Tue, Jul 28, 2026 12:03:13 PM] PAUSED for gaming; holding
[Tue, Jul 28, 2026 12:03:43 PM] PAUSED for gaming; holding
[Tue, Jul 28, 2026 12:04:13 PM] PAUSED for gaming; holding
[Tue, Jul 28, 2026 12:04:43 PM] PAUSED for gaming; holding
[Tue, Jul 28, 2026 12:05:14 PM] PAUSED for gaming; holding
[Tue, Jul 28, 2026 12:05:44 PM] PAUSED for gaming; holding
[Tue, Jul 28, 2026 12:06:14 PM] PAUSED for gaming; holding
[Tue, Jul 28, 2026 12:06:44 PM] PAUSED for gaming; holding
[Tue, Jul 28, 2026 12:07:14 PM] PAUSED for gaming; holding
[Tue, Jul 28, 2026 12:07:44 PM] PAUSED for gaming; holding
  kept best   it41  cand win=0.4800 ci=0.0564 (not CI-clear)
== ITER 42  Tue, Jul 28, 2026 12:30:24 PM ==
[Tue, Jul 28, 2026 12:38:54 PM] PAUSED for gaming; holding
[Tue, Jul 28, 2026 12:39:25 PM] PAUSED for gaming; holding
[Tue, Jul 28, 2026 12:39:55 PM] PAUSED for gaming; holding
[Tue, Jul 28, 2026 12:40:25 PM] PAUSED for gaming; holding
[Tue, Jul 28, 2026 12:40:55 PM] PAUSED for gaming; holding
[Tue, Jul 28, 2026 12:41:25 PM] PAUSED for gaming; holding
[Tue, Jul 28, 2026 12:41:55 PM] PAUSED for gaming; holding
[Tue, Jul 28, 2026 12:42:25 PM] PAUSED for gaming; holding
[Tue, Jul 28, 2026 12:42:55 PM] PAUSED for gaming; holding
[Tue, Jul 28, 2026 12:43:25 PM] PAUSED for gaming; holding
[Tue, Jul 28, 2026 12:43:55 PM] PAUSED for gaming; holding
[Tue, Jul 28, 2026 12:44:25 PM] PAUSED for gaming; holding
[Tue, Jul 28, 2026 12:44:55 PM] PAUSED for gaming; holding
[Tue, Jul 28, 2026 12:45:25 PM] PAUSED for gaming; holding
[Tue, Jul 28, 2026 12:45:56 PM] PAUSED for gaming; holding
[Tue, Jul 28, 2026 12:46:26 PM] PAUSED for gaming; holding
[Tue, Jul 28, 2026 12:46:56 PM] PAUSED for gaming; holding
[Tue, Jul 28, 2026 12:47:26 PM] PAUSED for gaming; holding
[Tue, Jul 28, 2026 12:47:56 PM] PAUSED for gaming; holding
[Tue, Jul 28, 2026 12:48:26 PM] PAUSED for gaming; holding
[Tue, Jul 28, 2026 12:48:56 PM] PAUSED for gaming; holding
[Tue, Jul 28, 2026 12:49:26 PM] PAUSED for gaming; holding
[Tue, Jul 28, 2026 12:49:56 PM] PAUSED for gaming; holding
[Tue, Jul 28, 2026 12:50:26 PM] PAUSED for gaming; holding
[Tue, Jul 28, 2026 12:50:56 PM] PAUSED for gaming; holding
[Tue, Jul 28, 2026 12:51:26 PM] PAUSED for gaming; holding
[Tue, Jul 28, 2026 12:51:56 PM] PAUSED for gaming; holding
[Tue, Jul 28, 2026 12:52:26 PM] PAUSED for gaming; holding
[Tue, Jul 28, 2026 12:52:56 PM] PAUSED for gaming; holding
[Tue, Jul 28, 2026 12:53:26 PM] PAUSED for gaming; holding
[Tue, Jul 28, 2026 12:53:56 PM] PAUSED for gaming; holding
[Tue, Jul 28, 2026 12:54:27 PM] PAUSED for gaming; holding
[Tue, Jul 28, 2026 12:54:57 PM] PAUSED for gaming; holding
[Tue, Jul 28, 2026 12:55:27 PM] PAUSED for gaming; holding
[Tue, Jul 28, 2026 12:55:57 PM] PAUSED for gaming; holding
[Tue, Jul 28, 2026 12:56:27 PM] PAUSED for gaming; holding
[Tue, Jul 28, 2026 12:56:57 PM] PAUSED for gaming; holding
[Tue, Jul 28, 2026 12:57:27 PM] PAUSED for gaming; holding
[Tue, Jul 28, 2026 12:57:57 PM] PAUSED for gaming; holding
[Tue, Jul 28, 2026 12:58:27 PM] PAUSED for gaming; holding
[Tue, Jul 28, 2026 12:58:57 PM] PAUSED for gaming; holding
[Tue, Jul 28, 2026 12:59:27 PM] PAUSED for gaming; holding
[Tue, Jul 28, 2026 12:59:57 PM] PAUSED for gaming; holding
[Tue, Jul 28, 2026  1:00:27 PM] PAUSED for gaming; holding
[Tue, Jul 28, 2026  1:00:57 PM] PAUSED for gaming; holding
[Tue, Jul 28, 2026  1:01:27 PM] PAUSED for gaming; holding
[Tue, Jul 28, 2026  1:01:57 PM] PAUSED for gaming; holding
[Tue, Jul 28, 2026  1:02:28 PM] PAUSED for gaming; holding
[Tue, Jul 28, 2026  1:02:58 PM] PAUSED for gaming; holding
[Tue, Jul 28, 2026  1:03:28 PM] PAUSED for gaming; holding
  kept best   it42  cand win=0.5100 ci=0.0567 (not CI-clear)
  REF it42  vs_champ=0.0950 vs_book=0.1500 vs_default=0.4275 best_cul(vs_champ side)
== ITER 43  Tue, Jul 28, 2026  1:24:24 PM ==
  kept best   it43  cand win=0.4350 ci=0.0559 (not CI-clear)
== ITER 44  Tue, Jul 28, 2026  1:40:54 PM ==
  kept best   it44  cand win=0.4383 ci=0.0561 (not CI-clear)
== ITER 45  Tue, Jul 28, 2026  1:58:56 PM ==
  kept best   it45  cand win=0.4383 ci=0.0560 (not CI-clear)
  REF it45  vs_champ=0.0950 vs_book=0.1500 vs_default=0.4275 best_cul(vs_champ side)
== ITER 46  Tue, Jul 28, 2026  2:26:24 PM ==
  kept best   it46  cand win=0.4517 ci=0.0561 (not CI-clear)
== ITER 47  Tue, Jul 28, 2026  2:44:21 PM ==
  kept best   it47  cand win=0.4150 ci=0.0556 (not CI-clear)
== ITER 48  Tue, Jul 28, 2026  3:02:39 PM ==
[Tue, Jul 28, 2026  3:09:07 PM] PAUSED for gaming; holding
[Tue, Jul 28, 2026  3:09:37 PM] PAUSED for gaming; holding
[Tue, Jul 28, 2026  3:10:07 PM] PAUSED for gaming; holding
[Tue, Jul 28, 2026  3:10:38 PM] PAUSED for gaming; holding
[Tue, Jul 28, 2026  3:11:08 PM] PAUSED for gaming; holding
[Tue, Jul 28, 2026  3:11:38 PM] PAUSED for gaming; holding
[Tue, Jul 28, 2026  3:12:08 PM] PAUSED for gaming; holding
[Tue, Jul 28, 2026  3:12:38 PM] PAUSED for gaming; holding
[Tue, Jul 28, 2026  3:13:08 PM] PAUSED for gaming; holding
[Tue, Jul 28, 2026  3:13:38 PM] PAUSED for gaming; holding
[Tue, Jul 28, 2026  3:14:08 PM] PAUSED for gaming; holding
[Tue, Jul 28, 2026  3:14:38 PM] PAUSED for gaming; holding
[Tue, Jul 28, 2026  3:15:08 PM] PAUSED for gaming; holding
[Tue, Jul 28, 2026  3:15:38 PM] PAUSED for gaming; holding
[Tue, Jul 28, 2026  3:16:08 PM] PAUSED for gaming; holding
[Tue, Jul 28, 2026  3:16:38 PM] PAUSED for gaming; holding
[Tue, Jul 28, 2026  3:17:08 PM] PAUSED for gaming; holding
[Tue, Jul 28, 2026  3:17:38 PM] PAUSED for gaming; holding
[Tue, Jul 28, 2026  3:18:09 PM] PAUSED for gaming; holding
[Tue, Jul 28, 2026  3:18:39 PM] PAUSED for gaming; holding
[Tue, Jul 28, 2026  3:19:09 PM] PAUSED for gaming; holding
[Tue, Jul 28, 2026  3:19:39 PM] PAUSED for gaming; holding
[Tue, Jul 28, 2026  3:20:09 PM] PAUSED for gaming; holding
[Tue, Jul 28, 2026  3:20:39 PM] PAUSED for gaming; holding
[Tue, Jul 28, 2026  3:21:09 PM] PAUSED for gaming; holding
[Tue, Jul 28, 2026  3:21:39 PM] PAUSED for gaming; holding
[Tue, Jul 28, 2026  3:22:09 PM] PAUSED for gaming; holding
[Tue, Jul 28, 2026  3:22:39 PM] PAUSED for gaming; holding
[Tue, Jul 28, 2026  3:23:09 PM] PAUSED for gaming; holding
[Tue, Jul 28, 2026  3:23:39 PM] PAUSED for gaming; holding
[Tue, Jul 28, 2026  3:24:09 PM] PAUSED for gaming; holding
[Tue, Jul 28, 2026  3:24:39 PM] PAUSED for gaming; holding
[Tue, Jul 28, 2026  3:25:09 PM] PAUSED for gaming; holding
[Tue, Jul 28, 2026  3:25:40 PM] PAUSED for gaming; holding
[Tue, Jul 28, 2026  3:26:10 PM] PAUSED for gaming; holding
[Tue, Jul 28, 2026  3:26:40 PM] PAUSED for gaming; holding
[Tue, Jul 28, 2026  3:27:10 PM] PAUSED for gaming; holding
[Tue, Jul 28, 2026  3:27:40 PM] PAUSED for gaming; holding
[Tue, Jul 28, 2026  3:28:10 PM] PAUSED for gaming; holding
[Tue, Jul 28, 2026  3:28:40 PM] PAUSED for gaming; holding
[Tue, Jul 28, 2026  3:29:10 PM] PAUSED for gaming; holding
[Tue, Jul 28, 2026  3:29:40 PM] PAUSED for gaming; holding
[Tue, Jul 28, 2026  3:30:10 PM] PAUSED for gaming; holding
[Tue, Jul 28, 2026  3:30:40 PM] PAUSED for gaming; holding
[Tue, Jul 28, 2026  3:31:10 PM] PAUSED for gaming; holding
[Tue, Jul 28, 2026  3:31:41 PM] PAUSED for gaming; holding
[Tue, Jul 28, 2026  3:32:11 PM] PAUSED for gaming; holding
[Tue, Jul 28, 2026  3:32:41 PM] PAUSED for gaming; holding
[Tue, Jul 28, 2026  3:33:11 PM] PAUSED for gaming; holding
[Tue, Jul 28, 2026  3:33:41 PM] PAUSED for gaming; holding
[Tue, Jul 28, 2026  3:34:11 PM] PAUSED for gaming; holding
[Tue, Jul 28, 2026  3:34:41 PM] PAUSED for gaming; holding
[Tue, Jul 28, 2026  3:35:11 PM] PAUSED for gaming; holding
[Tue, Jul 28, 2026  3:35:41 PM] PAUSED for gaming; holding
[Tue, Jul 28, 2026  3:36:11 PM] PAUSED for gaming; holding
[Tue, Jul 28, 2026  3:36:41 PM] PAUSED for gaming; holding
[Tue, Jul 28, 2026  3:37:11 PM] PAUSED for gaming; holding
[Tue, Jul 28, 2026  3:37:41 PM] PAUSED for gaming; holding
[Tue, Jul 28, 2026  3:38:11 PM] PAUSED for gaming; holding
[Tue, Jul 28, 2026  3:38:41 PM] PAUSED for gaming; holding
[Tue, Jul 28, 2026  3:39:11 PM] PAUSED for gaming; holding
[Tue, Jul 28, 2026  3:39:42 PM] PAUSED for gaming; holding
[Tue, Jul 28, 2026  3:40:12 PM] PAUSED for gaming; holding
[Tue, Jul 28, 2026  3:40:42 PM] PAUSED for gaming; holding
[Tue, Jul 28, 2026  3:41:12 PM] PAUSED for gaming; holding
[Tue, Jul 28, 2026  3:41:42 PM] PAUSED for gaming; holding
[Tue, Jul 28, 2026  3:42:12 PM] PAUSED for gaming; holding
[Tue, Jul 28, 2026  3:42:42 PM] PAUSED for gaming; holding
[Tue, Jul 28, 2026  3:43:12 PM] PAUSED for gaming; holding
[Tue, Jul 28, 2026  3:43:42 PM] PAUSED for gaming; holding
[Tue, Jul 28, 2026  3:44:12 PM] PAUSED for gaming; holding
[Tue, Jul 28, 2026  3:44:42 PM] PAUSED for gaming; holding
[Tue, Jul 28, 2026  3:45:12 PM] PAUSED for gaming; holding
[Tue, Jul 28, 2026  3:45:43 PM] PAUSED for gaming; holding
[Tue, Jul 28, 2026  3:46:13 PM] PAUSED for gaming; holding
[Tue, Jul 28, 2026  3:46:43 PM] PAUSED for gaming; holding
[Tue, Jul 28, 2026  3:47:13 PM] PAUSED for gaming; holding
[Tue, Jul 28, 2026  3:47:43 PM] PAUSED for gaming; holding
[Tue, Jul 28, 2026  3:48:13 PM] PAUSED for gaming; holding
[Tue, Jul 28, 2026  3:48:43 PM] PAUSED for gaming; holding
[Tue, Jul 28, 2026  3:49:13 PM] PAUSED for gaming; holding
[Tue, Jul 28, 2026  3:49:43 PM] PAUSED for gaming; holding
[Tue, Jul 28, 2026  3:50:13 PM] PAUSED for gaming; holding
[Tue, Jul 28, 2026  3:50:43 PM] PAUSED for gaming; holding
[Tue, Jul 28, 2026  3:51:13 PM] PAUSED for gaming; holding
[Tue, Jul 28, 2026  3:51:43 PM] PAUSED for gaming; holding
[Tue, Jul 28, 2026  3:52:13 PM] PAUSED for gaming; holding
[Tue, Jul 28, 2026  3:52:43 PM] PAUSED for gaming; holding
[Tue, Jul 28, 2026  3:53:13 PM] PAUSED for gaming; holding
[Tue, Jul 28, 2026  3:53:44 PM] PAUSED for gaming; holding
[Tue, Jul 28, 2026  3:54:14 PM] PAUSED for gaming; holding
[Tue, Jul 28, 2026  3:54:44 PM] PAUSED for gaming; holding
[Tue, Jul 28, 2026  3:55:14 PM] PAUSED for gaming; holding
[Tue, Jul 28, 2026  3:55:44 PM] PAUSED for gaming; holding
[Tue, Jul 28, 2026  3:56:14 PM] PAUSED for gaming; holding
[Tue, Jul 28, 2026  3:56:44 PM] PAUSED for gaming; holding
[Tue, Jul 28, 2026  3:57:14 PM] PAUSED for gaming; holding
[Tue, Jul 28, 2026  3:57:44 PM] PAUSED for gaming; holding
[Tue, Jul 28, 2026  3:58:14 PM] PAUSED for gaming; holding
[Tue, Jul 28, 2026  3:58:44 PM] PAUSED for gaming; holding
[Tue, Jul 28, 2026  3:59:14 PM] PAUSED for gaming; holding
[Tue, Jul 28, 2026  3:59:44 PM] PAUSED for gaming; holding
[Tue, Jul 28, 2026  4:00:14 PM] PAUSED for gaming; holding
[Tue, Jul 28, 2026  4:00:44 PM] PAUSED for gaming; holding
[Tue, Jul 28, 2026  4:01:15 PM] PAUSED for gaming; holding
[Tue, Jul 28, 2026  4:01:45 PM] PAUSED for gaming; holding
[Tue, Jul 28, 2026  4:02:15 PM] PAUSED for gaming; holding
[Tue, Jul 28, 2026  4:02:45 PM] PAUSED for gaming; holding
[Tue, Jul 28, 2026  4:03:15 PM] PAUSED for gaming; holding
[Tue, Jul 28, 2026  4:03:45 PM] PAUSED for gaming; holding
[Tue, Jul 28, 2026  4:04:15 PM] PAUSED for gaming; holding
[Tue, Jul 28, 2026  4:04:45 PM] PAUSED for gaming; holding
[Tue, Jul 28, 2026  4:05:15 PM] PAUSED for gaming; holding
[Tue, Jul 28, 2026  4:05:45 PM] PAUSED for gaming; holding
[Tue, Jul 28, 2026  4:06:15 PM] PAUSED for gaming; holding
[Tue, Jul 28, 2026  4:06:45 PM] PAUSED for gaming; holding
[Tue, Jul 28, 2026  4:07:15 PM] PAUSED for gaming; holding
[Tue, Jul 28, 2026  4:07:45 PM] PAUSED for gaming; holding
[Tue, Jul 28, 2026  4:08:15 PM] PAUSED for gaming; holding
[Tue, Jul 28, 2026  4:08:45 PM] PAUSED for gaming; holding
[Tue, Jul 28, 2026  4:09:16 PM] PAUSED for gaming; holding
[Tue, Jul 28, 2026  4:09:46 PM] PAUSED for gaming; holding
[Tue, Jul 28, 2026  4:10:16 PM] PAUSED for gaming; holding
[Tue, Jul 28, 2026  4:10:46 PM] PAUSED for gaming; holding
[Tue, Jul 28, 2026  4:11:16 PM] PAUSED for gaming; holding
[Tue, Jul 28, 2026  4:11:46 PM] PAUSED for gaming; holding
[Tue, Jul 28, 2026  4:12:16 PM] PAUSED for gaming; holding
[Tue, Jul 28, 2026  4:12:46 PM] PAUSED for gaming; holding
[Tue, Jul 28, 2026  4:13:16 PM] PAUSED for gaming; holding
[Tue, Jul 28, 2026  4:13:46 PM] PAUSED for gaming; holding
[Tue, Jul 28, 2026  4:14:16 PM] PAUSED for gaming; holding
[Tue, Jul 28, 2026  4:14:46 PM] PAUSED for gaming; holding
[Tue, Jul 28, 2026  4:15:16 PM] PAUSED for gaming; holding
[Tue, Jul 28, 2026  4:15:47 PM] PAUSED for gaming; holding
[Tue, Jul 28, 2026  4:16:17 PM] PAUSED for gaming; holding
[Tue, Jul 28, 2026  4:16:47 PM] PAUSED for gaming; holding
[Tue, Jul 28, 2026  4:17:17 PM] PAUSED for gaming; holding
[Tue, Jul 28, 2026  4:17:47 PM] PAUSED for gaming; holding
[Tue, Jul 28, 2026  4:18:17 PM] PAUSED for gaming; holding
[Tue, Jul 28, 2026  4:18:47 PM] PAUSED for gaming; holding
[Tue, Jul 28, 2026  4:19:17 PM] PAUSED for gaming; holding
[Tue, Jul 28, 2026  4:19:47 PM] PAUSED for gaming; holding
[Tue, Jul 28, 2026  4:20:17 PM] PAUSED for gaming; holding
[Tue, Jul 28, 2026  4:20:47 PM] PAUSED for gaming; holding
[Tue, Jul 28, 2026  4:21:17 PM] PAUSED for gaming; holding
[Tue, Jul 28, 2026  4:21:47 PM] PAUSED for gaming; holding
[Tue, Jul 28, 2026  4:22:17 PM] PAUSED for gaming; holding
[Tue, Jul 28, 2026  4:22:47 PM] PAUSED for gaming; holding
[Tue, Jul 28, 2026  4:23:17 PM] PAUSED for gaming; holding
[Tue, Jul 28, 2026  4:23:47 PM] PAUSED for gaming; holding
[Tue, Jul 28, 2026  4:24:18 PM] PAUSED for gaming; holding
[Tue, Jul 28, 2026  4:24:48 PM] PAUSED for gaming; holding
[Tue, Jul 28, 2026  4:25:18 PM] PAUSED for gaming; holding
[Tue, Jul 28, 2026  4:25:48 PM] PAUSED for gaming; holding
[Tue, Jul 28, 2026  4:26:18 PM] PAUSED for gaming; holding
[Tue, Jul 28, 2026  4:26:48 PM] PAUSED for gaming; holding
[Tue, Jul 28, 2026  4:27:18 PM] PAUSED for gaming; holding
[Tue, Jul 28, 2026  4:27:48 PM] PAUSED for gaming; holding
[Tue, Jul 28, 2026  4:28:18 PM] PAUSED for gaming; holding
[Tue, Jul 28, 2026  4:28:48 PM] PAUSED for gaming; holding
[Tue, Jul 28, 2026  4:29:18 PM] PAUSED for gaming; holding
[Tue, Jul 28, 2026  4:29:48 PM] PAUSED for gaming; holding
[Tue, Jul 28, 2026  4:30:18 PM] PAUSED for gaming; holding
[Tue, Jul 28, 2026  4:30:48 PM] PAUSED for gaming; holding
[Tue, Jul 28, 2026  4:31:19 PM] PAUSED for gaming; holding
[Tue, Jul 28, 2026  4:31:49 PM] PAUSED for gaming; holding
[Tue, Jul 28, 2026  4:32:19 PM] PAUSED for gaming; holding
[Tue, Jul 28, 2026  4:32:49 PM] PAUSED for gaming; holding
[Tue, Jul 28, 2026  4:33:19 PM] PAUSED for gaming; holding
[Tue, Jul 28, 2026  4:33:49 PM] PAUSED for gaming; holding
[Tue, Jul 28, 2026  4:34:19 PM] PAUSED for gaming; holding
[Tue, Jul 28, 2026  4:34:49 PM] PAUSED for gaming; holding
[Tue, Jul 28, 2026  4:35:19 PM] PAUSED for gaming; holding
[Tue, Jul 28, 2026  4:35:49 PM] PAUSED for gaming; holding
[Tue, Jul 28, 2026  4:36:19 PM] PAUSED for gaming; holding
[Tue, Jul 28, 2026  4:36:49 PM] PAUSED for gaming; holding
[Tue, Jul 28, 2026  4:37:19 PM] PAUSED for gaming; holding
[Tue, Jul 28, 2026  4:37:49 PM] PAUSED for gaming; holding
[Tue, Jul 28, 2026  4:38:20 PM] PAUSED for gaming; holding
[Tue, Jul 28, 2026  4:38:50 PM] PAUSED for gaming; holding
[Tue, Jul 28, 2026  4:39:20 PM] PAUSED for gaming; holding
[Tue, Jul 28, 2026  4:39:50 PM] PAUSED for gaming; holding
[Tue, Jul 28, 2026  4:40:20 PM] PAUSED for gaming; holding
[Tue, Jul 28, 2026  4:40:50 PM] PAUSED for gaming; holding
[Tue, Jul 28, 2026  4:41:20 PM] PAUSED for gaming; holding
[Tue, Jul 28, 2026  4:41:50 PM] PAUSED for gaming; holding
[Tue, Jul 28, 2026  4:42:20 PM] PAUSED for gaming; holding
[Tue, Jul 28, 2026  4:42:50 PM] PAUSED for gaming; holding
[Tue, Jul 28, 2026  4:43:20 PM] PAUSED for gaming; holding
[Tue, Jul 28, 2026  4:43:50 PM] PAUSED for gaming; holding
[Tue, Jul 28, 2026  4:44:20 PM] PAUSED for gaming; holding
[Tue, Jul 28, 2026  4:44:50 PM] PAUSED for gaming; holding
[Tue, Jul 28, 2026  4:45:20 PM] PAUSED for gaming; holding
[Tue, Jul 28, 2026  4:45:50 PM] PAUSED for gaming; holding
[Tue, Jul 28, 2026  4:46:20 PM] PAUSED for gaming; holding
[Tue, Jul 28, 2026  4:46:51 PM] PAUSED for gaming; holding
[Tue, Jul 28, 2026  4:47:21 PM] PAUSED for gaming; holding
[Tue, Jul 28, 2026  4:47:51 PM] PAUSED for gaming; holding
[Tue, Jul 28, 2026  4:48:21 PM] PAUSED for gaming; holding
[Tue, Jul 28, 2026  4:48:51 PM] PAUSED for gaming; holding
[Tue, Jul 28, 2026  4:49:21 PM] PAUSED for gaming; holding
[Tue, Jul 28, 2026  4:49:51 PM] PAUSED for gaming; holding
[Tue, Jul 28, 2026  4:50:21 PM] PAUSED for gaming; holding
[Tue, Jul 28, 2026  4:50:51 PM] PAUSED for gaming; holding
[Tue, Jul 28, 2026  4:51:21 PM] PAUSED for gaming; holding
[Tue, Jul 28, 2026  4:51:51 PM] PAUSED for gaming; holding
[Tue, Jul 28, 2026  4:52:21 PM] PAUSED for gaming; holding
[Tue, Jul 28, 2026  4:52:51 PM] PAUSED for gaming; holding
[Tue, Jul 28, 2026  4:53:22 PM] PAUSED for gaming; holding
[Tue, Jul 28, 2026  4:53:52 PM] PAUSED for gaming; holding
[Tue, Jul 28, 2026  4:54:22 PM] PAUSED for gaming; holding
[Tue, Jul 28, 2026  4:54:52 PM] PAUSED for gaming; holding
[Tue, Jul 28, 2026  4:55:22 PM] PAUSED for gaming; holding
[Tue, Jul 28, 2026  4:55:52 PM] PAUSED for gaming; holding
  kept best   it48  cand win=0.4150 ci=0.0556 (not CI-clear)
  REF it48  vs_champ=0.0950 vs_book=0.1500 vs_default=0.4275 best_cul(vs_champ side)
== ITER 49  Tue, Jul 28, 2026  5:13:49 PM ==
  kept best   it49  cand win=0.4233 ci=0.0560 (not CI-clear)
== ITER 50  Tue, Jul 28, 2026  5:36:08 PM ==
  kept best   it50  cand win=0.4367 ci=0.0560 (not CI-clear)
== ITER 51  Tue, Jul 28, 2026  5:55:15 PM ==
  kept best   it51  cand win=0.4467 ci=0.0562 (not CI-clear)
  REF it51  vs_champ=0.0950 vs_book=0.1500 vs_default=0.4275 best_cul(vs_champ side)
== ITER 52  Tue, Jul 28, 2026  6:22:27 PM ==
  kept best   it52  cand win=0.4733 ci=0.0566 (not CI-clear)
== ITER 53  Tue, Jul 28, 2026  6:40:53 PM ==
  kept best   it53  cand win=0.4700 ci=0.0564 (not CI-clear)
== ITER 54  Tue, Jul 28, 2026  6:59:34 PM ==
  kept best   it54  cand win=0.4183 ci=0.0558 (not CI-clear)
  REF it54  vs_champ=0.0950 vs_book=0.1500 vs_default=0.4275 best_cul(vs_champ side)
== ITER 55  Tue, Jul 28, 2026  7:28:01 PM ==
  kept best   it55  cand win=0.3800 ci=0.0546 (not CI-clear)
== ITER 56  Tue, Jul 28, 2026  7:45:49 PM ==
  kept best   it56  cand win=0 ci=1 (not CI-clear)
== ITER 57  Tue, Jul 28, 2026  8:05:29 PM ==
[Tue, Jul 28, 2026  8:05:29 PM] PAUSED for gaming; holding
[Tue, Jul 28, 2026  8:05:59 PM] PAUSED for gaming; holding
[Tue, Jul 28, 2026  8:06:29 PM] PAUSED for gaming; holding
[Tue, Jul 28, 2026  8:07:00 PM] PAUSED for gaming; holding
[Tue, Jul 28, 2026  8:07:30 PM] PAUSED for gaming; holding
[Tue, Jul 28, 2026  8:08:00 PM] PAUSED for gaming; holding
[Tue, Jul 28, 2026  8:08:30 PM] PAUSED for gaming; holding
[Tue, Jul 28, 2026  8:09:00 PM] PAUSED for gaming; holding
[Tue, Jul 28, 2026  8:09:30 PM] PAUSED for gaming; holding
[Tue, Jul 28, 2026  8:10:00 PM] PAUSED for gaming; holding
[Tue, Jul 28, 2026  8:10:30 PM] PAUSED for gaming; holding
[Tue, Jul 28, 2026  8:11:00 PM] PAUSED for gaming; holding
[Tue, Jul 28, 2026  8:11:30 PM] PAUSED for gaming; holding
[Tue, Jul 28, 2026  8:12:00 PM] PAUSED for gaming; holding
[Tue, Jul 28, 2026  8:12:30 PM] PAUSED for gaming; holding
[Tue, Jul 28, 2026  8:13:00 PM] PAUSED for gaming; holding
[Tue, Jul 28, 2026  8:13:30 PM] PAUSED for gaming; holding
[Tue, Jul 28, 2026  8:14:00 PM] PAUSED for gaming; holding
[Tue, Jul 28, 2026  8:14:30 PM] PAUSED for gaming; holding
[Tue, Jul 28, 2026  8:15:01 PM] PAUSED for gaming; holding
[Tue, Jul 28, 2026  8:15:31 PM] PAUSED for gaming; holding
[Tue, Jul 28, 2026  8:16:01 PM] PAUSED for gaming; holding
[Tue, Jul 28, 2026  8:16:31 PM] PAUSED for gaming; holding
[Tue, Jul 28, 2026  8:17:01 PM] PAUSED for gaming; holding
[Tue, Jul 28, 2026  8:17:31 PM] PAUSED for gaming; holding
[Tue, Jul 28, 2026  8:18:01 PM] PAUSED for gaming; holding
[Tue, Jul 28, 2026  8:18:31 PM] PAUSED for gaming; holding
[Tue, Jul 28, 2026  8:19:01 PM] PAUSED for gaming; holding
[Tue, Jul 28, 2026  8:19:31 PM] PAUSED for gaming; holding
[Tue, Jul 28, 2026  8:20:01 PM] PAUSED for gaming; holding
[Tue, Jul 28, 2026  8:20:31 PM] PAUSED for gaming; holding
[Tue, Jul 28, 2026  8:21:01 PM] PAUSED for gaming; holding
[Tue, Jul 28, 2026  8:21:31 PM] PAUSED for gaming; holding
[Tue, Jul 28, 2026  8:22:01 PM] PAUSED for gaming; holding
[Tue, Jul 28, 2026  8:22:32 PM] PAUSED for gaming; holding
[Tue, Jul 28, 2026  8:23:02 PM] PAUSED for gaming; holding
[Tue, Jul 28, 2026  8:23:32 PM] PAUSED for gaming; holding
[Tue, Jul 28, 2026  8:24:02 PM] PAUSED for gaming; holding
[Tue, Jul 28, 2026  8:24:32 PM] PAUSED for gaming; holding
[Tue, Jul 28, 2026  8:25:02 PM] PAUSED for gaming; holding
[Tue, Jul 28, 2026  8:25:32 PM] PAUSED for gaming; holding
[Tue, Jul 28, 2026  8:26:02 PM] PAUSED for gaming; holding
[Tue, Jul 28, 2026  8:26:32 PM] PAUSED for gaming; holding
[Tue, Jul 28, 2026  8:27:02 PM] PAUSED for gaming; holding
[Tue, Jul 28, 2026  8:27:32 PM] PAUSED for gaming; holding
[Tue, Jul 28, 2026  8:28:02 PM] PAUSED for gaming; holding
[Tue, Jul 28, 2026  8:28:33 PM] PAUSED for gaming; holding
[Tue, Jul 28, 2026  8:29:03 PM] PAUSED for gaming; holding
[Tue, Jul 28, 2026  8:29:33 PM] PAUSED for gaming; holding
[Tue, Jul 28, 2026  8:30:03 PM] PAUSED for gaming; holding
[Tue, Jul 28, 2026  8:30:33 PM] PAUSED for gaming; holding
[Tue, Jul 28, 2026  8:31:03 PM] PAUSED for gaming; holding
[Tue, Jul 28, 2026  8:31:33 PM] PAUSED for gaming; holding
[Tue, Jul 28, 2026  8:32:03 PM] PAUSED for gaming; holding
[Tue, Jul 28, 2026  8:32:33 PM] PAUSED for gaming; holding
[Tue, Jul 28, 2026  8:33:03 PM] PAUSED for gaming; holding
[Tue, Jul 28, 2026  8:33:33 PM] PAUSED for gaming; holding
[Tue, Jul 28, 2026  8:34:03 PM] PAUSED for gaming; holding
[Tue, Jul 28, 2026  8:34:33 PM] PAUSED for gaming; holding
[Tue, Jul 28, 2026  8:35:03 PM] PAUSED for gaming; holding
[Tue, Jul 28, 2026  8:35:33 PM] PAUSED for gaming; holding
[Tue, Jul 28, 2026  8:36:03 PM] PAUSED for gaming; holding
[Tue, Jul 28, 2026  8:36:33 PM] PAUSED for gaming; holding
[Tue, Jul 28, 2026  8:37:04 PM] PAUSED for gaming; holding
[Tue, Jul 28, 2026  8:37:34 PM] PAUSED for gaming; holding
[Tue, Jul 28, 2026  8:38:04 PM] PAUSED for gaming; holding
[Tue, Jul 28, 2026  8:38:34 PM] PAUSED for gaming; holding
[Tue, Jul 28, 2026  8:39:04 PM] PAUSED for gaming; holding
[Tue, Jul 28, 2026  8:39:34 PM] PAUSED for gaming; holding
[Tue, Jul 28, 2026  8:40:04 PM] PAUSED for gaming; holding
[Tue, Jul 28, 2026  8:40:34 PM] PAUSED for gaming; holding
[Tue, Jul 28, 2026  8:41:04 PM] PAUSED for gaming; holding
[Tue, Jul 28, 2026  8:41:36 PM] PAUSED for gaming; holding
[Tue, Jul 28, 2026  8:42:06 PM] PAUSED for gaming; holding
[Tue, Jul 28, 2026  8:42:36 PM] PAUSED for gaming; holding
[Tue, Jul 28, 2026  8:43:06 PM] PAUSED for gaming; holding
[Tue, Jul 28, 2026  8:43:36 PM] PAUSED for gaming; holding
[Tue, Jul 28, 2026  8:44:06 PM] PAUSED for gaming; holding
[Tue, Jul 28, 2026  8:44:36 PM] PAUSED for gaming; holding
[Tue, Jul 28, 2026  8:45:06 PM] PAUSED for gaming; holding
[Tue, Jul 28, 2026  8:45:36 PM] PAUSED for gaming; holding
[Tue, Jul 28, 2026  8:46:06 PM] PAUSED for gaming; holding
[Tue, Jul 28, 2026  8:46:36 PM] PAUSED for gaming; holding
[Tue, Jul 28, 2026  8:47:07 PM] PAUSED for gaming; holding
[Tue, Jul 28, 2026  8:47:37 PM] PAUSED for gaming; holding
[Tue, Jul 28, 2026  8:48:07 PM] PAUSED for gaming; holding
[Tue, Jul 28, 2026  8:48:37 PM] PAUSED for gaming; holding
[Tue, Jul 28, 2026  8:49:07 PM] PAUSED for gaming; holding
[Tue, Jul 28, 2026  8:49:37 PM] PAUSED for gaming; holding
[Tue, Jul 28, 2026  8:50:07 PM] PAUSED for gaming; holding
[Tue, Jul 28, 2026  8:50:37 PM] PAUSED for gaming; holding
[Tue, Jul 28, 2026  8:51:07 PM] PAUSED for gaming; holding
[Tue, Jul 28, 2026  8:51:37 PM] PAUSED for gaming; holding
[Tue, Jul 28, 2026  8:52:07 PM] PAUSED for gaming; holding
[Tue, Jul 28, 2026  8:52:37 PM] PAUSED for gaming; holding
[Tue, Jul 28, 2026  8:53:07 PM] PAUSED for gaming; holding
[Tue, Jul 28, 2026  8:53:37 PM] PAUSED for gaming; holding
[Tue, Jul 28, 2026  8:54:07 PM] PAUSED for gaming; holding
[Tue, Jul 28, 2026  8:54:37 PM] PAUSED for gaming; holding
[Tue, Jul 28, 2026  8:55:07 PM] PAUSED for gaming; holding
[Tue, Jul 28, 2026  8:55:38 PM] PAUSED for gaming; holding
[Tue, Jul 28, 2026  8:56:08 PM] PAUSED for gaming; holding
[Tue, Jul 28, 2026  8:56:38 PM] PAUSED for gaming; holding
[Tue, Jul 28, 2026  8:57:08 PM] PAUSED for gaming; holding
[Tue, Jul 28, 2026  8:57:38 PM] PAUSED for gaming; holding
[Tue, Jul 28, 2026  8:58:08 PM] PAUSED for gaming; holding
[Tue, Jul 28, 2026  8:58:38 PM] PAUSED for gaming; holding
[Tue, Jul 28, 2026  8:59:08 PM] PAUSED for gaming; holding
[Tue, Jul 28, 2026  8:59:38 PM] PAUSED for gaming; holding
[Tue, Jul 28, 2026  9:00:08 PM] PAUSED for gaming; holding
[Tue, Jul 28, 2026  9:00:38 PM] PAUSED for gaming; holding
[Tue, Jul 28, 2026  9:01:08 PM] PAUSED for gaming; holding
[Tue, Jul 28, 2026  9:01:38 PM] PAUSED for gaming; holding
[Tue, Jul 28, 2026  9:02:08 PM] PAUSED for gaming; holding
[Tue, Jul 28, 2026  9:02:38 PM] PAUSED for gaming; holding
[Tue, Jul 28, 2026  9:03:08 PM] PAUSED for gaming; holding
[Tue, Jul 28, 2026  9:03:38 PM] PAUSED for gaming; holding
[Tue, Jul 28, 2026  9:04:09 PM] PAUSED for gaming; holding
[Tue, Jul 28, 2026  9:04:39 PM] PAUSED for gaming; holding
[Tue, Jul 28, 2026  9:05:09 PM] PAUSED for gaming; holding
[Tue, Jul 28, 2026  9:05:39 PM] PAUSED for gaming; holding
[Tue, Jul 28, 2026  9:06:09 PM] PAUSED for gaming; holding
[Tue, Jul 28, 2026  9:06:39 PM] PAUSED for gaming; holding
[Tue, Jul 28, 2026  9:07:09 PM] PAUSED for gaming; holding
[Tue, Jul 28, 2026  9:07:39 PM] PAUSED for gaming; holding
[Tue, Jul 28, 2026  9:08:09 PM] PAUSED for gaming; holding
[Tue, Jul 28, 2026  9:08:39 PM] PAUSED for gaming; holding
[Tue, Jul 28, 2026  9:09:09 PM] PAUSED for gaming; holding
[Tue, Jul 28, 2026  9:09:39 PM] PAUSED for gaming; holding
[Tue, Jul 28, 2026  9:10:09 PM] PAUSED for gaming; holding
[Tue, Jul 28, 2026  9:10:40 PM] PAUSED for gaming; holding
[Tue, Jul 28, 2026  9:11:10 PM] PAUSED for gaming; holding
[Tue, Jul 28, 2026  9:11:40 PM] PAUSED for gaming; holding
[Tue, Jul 28, 2026  9:12:10 PM] PAUSED for gaming; holding
[Tue, Jul 28, 2026  9:12:40 PM] PAUSED for gaming; holding
[Tue, Jul 28, 2026  9:13:10 PM] PAUSED for gaming; holding
[Tue, Jul 28, 2026  9:13:40 PM] PAUSED for gaming; holding
[Tue, Jul 28, 2026  9:14:10 PM] PAUSED for gaming; holding
[Tue, Jul 28, 2026  9:14:40 PM] PAUSED for gaming; holding
[Tue, Jul 28, 2026  9:15:10 PM] PAUSED for gaming; holding
[Tue, Jul 28, 2026  9:15:40 PM] PAUSED for gaming; holding
[Tue, Jul 28, 2026  9:16:10 PM] PAUSED for gaming; holding
[Tue, Jul 28, 2026  9:16:40 PM] PAUSED for gaming; holding
[Tue, Jul 28, 2026  9:17:10 PM] PAUSED for gaming; holding
[Tue, Jul 28, 2026  9:17:40 PM] PAUSED for gaming; holding
[Tue, Jul 28, 2026  9:18:10 PM] PAUSED for gaming; holding
[Tue, Jul 28, 2026  9:18:40 PM] PAUSED for gaming; holding
[Tue, Jul 28, 2026  9:19:11 PM] PAUSED for gaming; holding
[Tue, Jul 28, 2026  9:19:41 PM] PAUSED for gaming; holding
[Tue, Jul 28, 2026  9:20:11 PM] PAUSED for gaming; holding
[Tue, Jul 28, 2026  9:20:41 PM] PAUSED for gaming; holding
[Tue, Jul 28, 2026  9:21:11 PM] PAUSED for gaming; holding
[Tue, Jul 28, 2026  9:21:41 PM] PAUSED for gaming; holding
[Tue, Jul 28, 2026  9:22:11 PM] PAUSED for gaming; holding
[Tue, Jul 28, 2026  9:22:41 PM] PAUSED for gaming; holding
[Tue, Jul 28, 2026  9:23:11 PM] PAUSED for gaming; holding
[Tue, Jul 28, 2026  9:23:41 PM] PAUSED for gaming; holding
[Tue, Jul 28, 2026  9:24:11 PM] PAUSED for gaming; holding
[Tue, Jul 28, 2026  9:24:41 PM] PAUSED for gaming; holding
[Tue, Jul 28, 2026  9:25:11 PM] PAUSED for gaming; holding
[Tue, Jul 28, 2026  9:25:41 PM] PAUSED for gaming; holding
[Tue, Jul 28, 2026  9:26:11 PM] PAUSED for gaming; holding
[Tue, Jul 28, 2026  9:26:41 PM] PAUSED for gaming; holding
[Tue, Jul 28, 2026  9:27:12 PM] PAUSED for gaming; holding
[Tue, Jul 28, 2026  9:27:42 PM] PAUSED for gaming; holding
[Tue, Jul 28, 2026  9:28:12 PM] PAUSED for gaming; holding
[Tue, Jul 28, 2026  9:28:42 PM] PAUSED for gaming; holding
[Tue, Jul 28, 2026  9:29:12 PM] PAUSED for gaming; holding
[Tue, Jul 28, 2026  9:29:42 PM] PAUSED for gaming; holding
[Tue, Jul 28, 2026  9:30:12 PM] PAUSED for gaming; holding
[Tue, Jul 28, 2026  9:30:42 PM] PAUSED for gaming; holding
[Tue, Jul 28, 2026  9:31:12 PM] PAUSED for gaming; holding
[Tue, Jul 28, 2026  9:31:42 PM] PAUSED for gaming; holding
[Tue, Jul 28, 2026  9:32:12 PM] PAUSED for gaming; holding
[Tue, Jul 28, 2026  9:32:42 PM] PAUSED for gaming; holding
[Tue, Jul 28, 2026  9:33:12 PM] PAUSED for gaming; holding
[Tue, Jul 28, 2026  9:33:42 PM] PAUSED for gaming; holding
[Tue, Jul 28, 2026  9:34:13 PM] PAUSED for gaming; holding
[Tue, Jul 28, 2026  9:34:43 PM] PAUSED for gaming; holding
[Tue, Jul 28, 2026  9:35:13 PM] PAUSED for gaming; holding
[Tue, Jul 28, 2026  9:35:43 PM] PAUSED for gaming; holding
[Tue, Jul 28, 2026  9:36:13 PM] PAUSED for gaming; holding
[Tue, Jul 28, 2026  9:36:43 PM] PAUSED for gaming; holding
[Tue, Jul 28, 2026  9:37:13 PM] PAUSED for gaming; holding
[Tue, Jul 28, 2026  9:37:43 PM] PAUSED for gaming; holding
[Tue, Jul 28, 2026  9:38:13 PM] PAUSED for gaming; holding
[Tue, Jul 28, 2026  9:38:43 PM] PAUSED for gaming; holding
[Tue, Jul 28, 2026  9:39:13 PM] PAUSED for gaming; holding
[Tue, Jul 28, 2026  9:39:43 PM] PAUSED for gaming; holding
[Tue, Jul 28, 2026  9:40:13 PM] PAUSED for gaming; holding
[Tue, Jul 28, 2026  9:40:43 PM] PAUSED for gaming; holding
[Tue, Jul 28, 2026  9:41:13 PM] PAUSED for gaming; holding
[Tue, Jul 28, 2026  9:41:44 PM] PAUSED for gaming; holding
[Tue, Jul 28, 2026  9:42:14 PM] PAUSED for gaming; holding
[Tue, Jul 28, 2026  9:42:44 PM] PAUSED for gaming; holding
[Tue, Jul 28, 2026  9:43:14 PM] PAUSED for gaming; holding
[Tue, Jul 28, 2026  9:43:44 PM] PAUSED for gaming; holding
[Tue, Jul 28, 2026  9:44:14 PM] PAUSED for gaming; holding
[Tue, Jul 28, 2026  9:44:44 PM] PAUSED for gaming; holding
[Tue, Jul 28, 2026  9:45:14 PM] PAUSED for gaming; holding
[Tue, Jul 28, 2026  9:45:44 PM] PAUSED for gaming; holding
[Tue, Jul 28, 2026  9:46:14 PM] PAUSED for gaming; holding
[Tue, Jul 28, 2026  9:46:44 PM] PAUSED for gaming; holding
[Tue, Jul 28, 2026  9:47:14 PM] PAUSED for gaming; holding
[Tue, Jul 28, 2026  9:47:44 PM] PAUSED for gaming; holding
[Tue, Jul 28, 2026  9:48:14 PM] PAUSED for gaming; holding
[Tue, Jul 28, 2026  9:48:44 PM] PAUSED for gaming; holding
[Tue, Jul 28, 2026  9:49:14 PM] PAUSED for gaming; holding
[Tue, Jul 28, 2026  9:49:44 PM] PAUSED for gaming; holding
[Tue, Jul 28, 2026  9:50:15 PM] PAUSED for gaming; holding
[Tue, Jul 28, 2026  9:50:45 PM] PAUSED for gaming; holding
[Tue, Jul 28, 2026  9:51:15 PM] PAUSED for gaming; holding
[Tue, Jul 28, 2026  9:51:45 PM] PAUSED for gaming; holding
[Tue, Jul 28, 2026  9:52:15 PM] PAUSED for gaming; holding
[Tue, Jul 28, 2026  9:52:45 PM] PAUSED for gaming; holding
[Tue, Jul 28, 2026  9:53:15 PM] PAUSED for gaming; holding
[Tue, Jul 28, 2026  9:53:45 PM] PAUSED for gaming; holding
[Tue, Jul 28, 2026  9:54:15 PM] PAUSED for gaming; holding
[Tue, Jul 28, 2026  9:54:45 PM] PAUSED for gaming; holding
[Tue, Jul 28, 2026  9:55:15 PM] PAUSED for gaming; holding
[Tue, Jul 28, 2026  9:55:45 PM] PAUSED for gaming; holding
[Tue, Jul 28, 2026  9:56:15 PM] PAUSED for gaming; holding
[Tue, Jul 28, 2026  9:56:46 PM] PAUSED for gaming; holding
[Tue, Jul 28, 2026  9:57:16 PM] PAUSED for gaming; holding
[Tue, Jul 28, 2026  9:57:46 PM] PAUSED for gaming; holding
[Tue, Jul 28, 2026  9:58:16 PM] PAUSED for gaming; holding
[Tue, Jul 28, 2026  9:58:46 PM] PAUSED for gaming; holding
[Tue, Jul 28, 2026  9:59:16 PM] PAUSED for gaming; holding
[Tue, Jul 28, 2026  9:59:46 PM] PAUSED for gaming; holding
[Tue, Jul 28, 2026 10:00:16 PM] PAUSED for gaming; holding
[Tue, Jul 28, 2026 10:00:46 PM] PAUSED for gaming; holding
[Tue, Jul 28, 2026 10:01:16 PM] PAUSED for gaming; holding
[Tue, Jul 28, 2026 10:01:46 PM] PAUSED for gaming; holding
[Tue, Jul 28, 2026 10:02:16 PM] PAUSED for gaming; holding
[Tue, Jul 28, 2026 10:02:46 PM] PAUSED for gaming; holding
[Tue, Jul 28, 2026 10:03:16 PM] PAUSED for gaming; holding
[Tue, Jul 28, 2026 10:03:47 PM] PAUSED for gaming; holding
[Tue, Jul 28, 2026 10:04:17 PM] PAUSED for gaming; holding
[Tue, Jul 28, 2026 10:04:47 PM] PAUSED for gaming; holding
[Tue, Jul 28, 2026 10:05:17 PM] PAUSED for gaming; holding
[Tue, Jul 28, 2026 10:05:47 PM] PAUSED for gaming; holding
[Tue, Jul 28, 2026 10:06:17 PM] PAUSED for gaming; holding
[Tue, Jul 28, 2026 10:07:41 PM] PAUSED for gaming; holding
[Tue, Jul 28, 2026 10:08:11 PM] PAUSED for gaming; holding
[Tue, Jul 28, 2026 10:08:41 PM] PAUSED for gaming; holding
[Tue, Jul 28, 2026 10:09:11 PM] PAUSED for gaming; holding
[Tue, Jul 28, 2026 10:09:41 PM] PAUSED for gaming; holding
[Tue, Jul 28, 2026 10:10:11 PM] PAUSED for gaming; holding
[Tue, Jul 28, 2026 10:10:41 PM] PAUSED for gaming; holding
[Tue, Jul 28, 2026 10:11:11 PM] PAUSED for gaming; holding
[Tue, Jul 28, 2026 10:11:41 PM] PAUSED for gaming; holding
[Tue, Jul 28, 2026 10:12:11 PM] PAUSED for gaming; holding
[Tue, Jul 28, 2026 10:12:41 PM] PAUSED for gaming; holding
[Tue, Jul 28, 2026 10:13:11 PM] PAUSED for gaming; holding
[Tue, Jul 28, 2026 10:13:41 PM] PAUSED for gaming; holding
[Tue, Jul 28, 2026 10:14:12 PM] PAUSED for gaming; holding
[Tue, Jul 28, 2026 10:14:42 PM] PAUSED for gaming; holding
[Tue, Jul 28, 2026 10:15:12 PM] PAUSED for gaming; holding
[Tue, Jul 28, 2026 10:15:42 PM] PAUSED for gaming; holding
[Tue, Jul 28, 2026 10:16:12 PM] PAUSED for gaming; holding
[Tue, Jul 28, 2026 10:16:42 PM] PAUSED for gaming; holding
[Tue, Jul 28, 2026 10:17:12 PM] PAUSED for gaming; holding
[Tue, Jul 28, 2026 10:17:42 PM] PAUSED for gaming; holding
[Tue, Jul 28, 2026 10:18:12 PM] PAUSED for gaming; holding
[Tue, Jul 28, 2026 10:18:42 PM] PAUSED for gaming; holding
[Tue, Jul 28, 2026 10:19:12 PM] PAUSED for gaming; holding
[Tue, Jul 28, 2026 10:19:42 PM] PAUSED for gaming; holding
[Tue, Jul 28, 2026 10:20:12 PM] PAUSED for gaming; holding
[Tue, Jul 28, 2026 10:20:42 PM] PAUSED for gaming; holding
[Tue, Jul 28, 2026 10:21:12 PM] PAUSED for gaming; holding
[Tue, Jul 28, 2026 10:21:42 PM] PAUSED for gaming; holding
[Tue, Jul 28, 2026 10:22:12 PM] PAUSED for gaming; holding
[Tue, Jul 28, 2026 10:22:43 PM] PAUSED for gaming; holding
[Tue, Jul 28, 2026 10:23:13 PM] PAUSED for gaming; holding
[Tue, Jul 28, 2026 10:23:43 PM] PAUSED for gaming; holding
[Tue, Jul 28, 2026 10:24:13 PM] PAUSED for gaming; holding
[Tue, Jul 28, 2026 10:24:43 PM] PAUSED for gaming; holding
[Tue, Jul 28, 2026 10:25:13 PM] PAUSED for gaming; holding
[Tue, Jul 28, 2026 10:25:43 PM] PAUSED for gaming; holding
[Tue, Jul 28, 2026 10:26:13 PM] PAUSED for gaming; holding
[Tue, Jul 28, 2026 10:26:43 PM] PAUSED for gaming; holding
[Tue, Jul 28, 2026 10:27:13 PM] PAUSED for gaming; holding
[Tue, Jul 28, 2026 10:27:43 PM] PAUSED for gaming; holding
[Tue, Jul 28, 2026 10:28:13 PM] PAUSED for gaming; holding
[Tue, Jul 28, 2026 10:28:43 PM] PAUSED for gaming; holding
[Tue, Jul 28, 2026 10:29:13 PM] PAUSED for gaming; holding
[Tue, Jul 28, 2026 10:29:44 PM] PAUSED for gaming; holding
[Tue, Jul 28, 2026 10:30:14 PM] PAUSED for gaming; holding
[Tue, Jul 28, 2026 10:30:44 PM] PAUSED for gaming; holding
[Tue, Jul 28, 2026 10:31:14 PM] PAUSED for gaming; holding
[Tue, Jul 28, 2026 10:31:44 PM] PAUSED for gaming; holding
[Tue, Jul 28, 2026 10:32:14 PM] PAUSED for gaming; holding
[Tue, Jul 28, 2026 10:32:44 PM] PAUSED for gaming; holding
[Tue, Jul 28, 2026 10:33:14 PM] PAUSED for gaming; holding
[Tue, Jul 28, 2026 10:33:44 PM] PAUSED for gaming; holding
[Tue, Jul 28, 2026 10:34:14 PM] PAUSED for gaming; holding
[Tue, Jul 28, 2026 10:34:44 PM] PAUSED for gaming; holding
[Tue, Jul 28, 2026 10:35:14 PM] PAUSED for gaming; holding
[Tue, Jul 28, 2026 10:35:44 PM] PAUSED for gaming; holding
[Tue, Jul 28, 2026 10:36:15 PM] PAUSED for gaming; holding
[Tue, Jul 28, 2026 10:36:45 PM] PAUSED for gaming; holding
[Tue, Jul 28, 2026 10:37:15 PM] PAUSED for gaming; holding
[Tue, Jul 28, 2026 10:37:45 PM] PAUSED for gaming; holding
[Tue, Jul 28, 2026 10:38:15 PM] PAUSED for gaming; holding
[Tue, Jul 28, 2026 10:38:45 PM] PAUSED for gaming; holding
[Tue, Jul 28, 2026 10:39:15 PM] PAUSED for gaming; holding
[Tue, Jul 28, 2026 10:39:45 PM] PAUSED for gaming; holding
[Tue, Jul 28, 2026 10:40:15 PM] PAUSED for gaming; holding
[Tue, Jul 28, 2026 10:40:45 PM] PAUSED for gaming; holding
[Tue, Jul 28, 2026 10:41:15 PM] PAUSED for gaming; holding
[Tue, Jul 28, 2026 10:41:45 PM] PAUSED for gaming; holding
[Tue, Jul 28, 2026 10:42:15 PM] PAUSED for gaming; holding
[Tue, Jul 28, 2026 10:42:46 PM] PAUSED for gaming; holding
[Tue, Jul 28, 2026 10:43:16 PM] PAUSED for gaming; holding
[Tue, Jul 28, 2026 10:43:46 PM] PAUSED for gaming; holding
[Tue, Jul 28, 2026 10:44:16 PM] PAUSED for gaming; holding
[Tue, Jul 28, 2026 10:44:46 PM] PAUSED for gaming; holding
[Tue, Jul 28, 2026 10:45:16 PM] PAUSED for gaming; holding
[Tue, Jul 28, 2026 10:45:46 PM] PAUSED for gaming; holding
[Tue, Jul 28, 2026 10:46:16 PM] PAUSED for gaming; holding
[Tue, Jul 28, 2026 10:46:46 PM] PAUSED for gaming; holding
[Tue, Jul 28, 2026 10:47:16 PM] PAUSED for gaming; holding
[Tue, Jul 28, 2026 10:47:46 PM] PAUSED for gaming; holding
[Tue, Jul 28, 2026 10:48:16 PM] PAUSED for gaming; holding
[Tue, Jul 28, 2026 10:48:46 PM] PAUSED for gaming; holding
[Tue, Jul 28, 2026 10:49:16 PM] PAUSED for gaming; holding
[Tue, Jul 28, 2026 10:49:47 PM] PAUSED for gaming; holding
[Tue, Jul 28, 2026 10:50:17 PM] PAUSED for gaming; holding
[Tue, Jul 28, 2026 10:50:47 PM] PAUSED for gaming; holding
[Tue, Jul 28, 2026 10:51:17 PM] PAUSED for gaming; holding
[Tue, Jul 28, 2026 10:51:47 PM] PAUSED for gaming; holding
[Tue, Jul 28, 2026 10:52:17 PM] PAUSED for gaming; holding
[Tue, Jul 28, 2026 10:52:47 PM] PAUSED for gaming; holding
[Tue, Jul 28, 2026 10:53:17 PM] PAUSED for gaming; holding
[Tue, Jul 28, 2026 10:53:47 PM] PAUSED for gaming; holding
[Tue, Jul 28, 2026 10:54:17 PM] PAUSED for gaming; holding
[Tue, Jul 28, 2026 10:54:47 PM] PAUSED for gaming; holding
[Tue, Jul 28, 2026 10:55:17 PM] PAUSED for gaming; holding
[Tue, Jul 28, 2026 10:55:47 PM] PAUSED for gaming; holding
[Tue, Jul 28, 2026 10:56:18 PM] PAUSED for gaming; holding
[Tue, Jul 28, 2026 10:56:48 PM] PAUSED for gaming; holding
[Tue, Jul 28, 2026 10:57:18 PM] PAUSED for gaming; holding
[Tue, Jul 28, 2026 10:57:48 PM] PAUSED for gaming; holding
[Tue, Jul 28, 2026 10:58:18 PM] PAUSED for gaming; holding
[Tue, Jul 28, 2026 10:58:48 PM] PAUSED for gaming; holding
[Tue, Jul 28, 2026 10:59:18 PM] PAUSED for gaming; holding
[Tue, Jul 28, 2026 10:59:48 PM] PAUSED for gaming; holding
[Tue, Jul 28, 2026 11:00:18 PM] PAUSED for gaming; holding
[Tue, Jul 28, 2026 11:00:48 PM] PAUSED for gaming; holding
[Tue, Jul 28, 2026 11:01:18 PM] PAUSED for gaming; holding
[Tue, Jul 28, 2026 11:01:48 PM] PAUSED for gaming; holding
[Tue, Jul 28, 2026 11:02:18 PM] PAUSED for gaming; holding
[Tue, Jul 28, 2026 11:02:48 PM] PAUSED for gaming; holding
[Tue, Jul 28, 2026 11:03:18 PM] PAUSED for gaming; holding
[Tue, Jul 28, 2026 11:03:49 PM] PAUSED for gaming; holding
[Tue, Jul 28, 2026 11:04:19 PM] PAUSED for gaming; holding
[Tue, Jul 28, 2026 11:04:49 PM] PAUSED for gaming; holding
[Tue, Jul 28, 2026 11:05:19 PM] PAUSED for gaming; holding
[Tue, Jul 28, 2026 11:05:49 PM] PAUSED for gaming; holding
[Tue, Jul 28, 2026 11:06:19 PM] PAUSED for gaming; holding
[Tue, Jul 28, 2026 11:06:49 PM] PAUSED for gaming; holding
[Tue, Jul 28, 2026 11:07:19 PM] PAUSED for gaming; holding
[Tue, Jul 28, 2026 11:07:49 PM] PAUSED for gaming; holding
[Tue, Jul 28, 2026 11:08:19 PM] PAUSED for gaming; holding
[Tue, Jul 28, 2026 11:08:49 PM] PAUSED for gaming; holding
[Tue, Jul 28, 2026 11:09:19 PM] PAUSED for gaming; holding
[Tue, Jul 28, 2026 11:09:50 PM] PAUSED for gaming; holding
[Tue, Jul 28, 2026 11:10:20 PM] PAUSED for gaming; holding
[Tue, Jul 28, 2026 11:10:50 PM] PAUSED for gaming; holding
[Tue, Jul 28, 2026 11:11:20 PM] PAUSED for gaming; holding
[Tue, Jul 28, 2026 11:11:50 PM] PAUSED for gaming; holding
[Tue, Jul 28, 2026 11:12:20 PM] PAUSED for gaming; holding
[Tue, Jul 28, 2026 11:12:50 PM] PAUSED for gaming; holding
[Tue, Jul 28, 2026 11:13:20 PM] PAUSED for gaming; holding
[Tue, Jul 28, 2026 11:13:50 PM] PAUSED for gaming; holding
[Tue, Jul 28, 2026 11:14:20 PM] PAUSED for gaming; holding
[Tue, Jul 28, 2026 11:14:50 PM] PAUSED for gaming; holding
[Tue, Jul 28, 2026 11:15:20 PM] PAUSED for gaming; holding
[Tue, Jul 28, 2026 11:15:50 PM] PAUSED for gaming; holding
[Tue, Jul 28, 2026 11:16:20 PM] PAUSED for gaming; holding
[Tue, Jul 28, 2026 11:16:50 PM] PAUSED for gaming; holding
[Tue, Jul 28, 2026 11:17:21 PM] PAUSED for gaming; holding
[Tue, Jul 28, 2026 11:17:51 PM] PAUSED for gaming; holding
[Tue, Jul 28, 2026 11:18:21 PM] PAUSED for gaming; holding
[Tue, Jul 28, 2026 11:18:51 PM] PAUSED for gaming; holding
[Tue, Jul 28, 2026 11:19:21 PM] PAUSED for gaming; holding
[Tue, Jul 28, 2026 11:19:51 PM] PAUSED for gaming; holding
[Tue, Jul 28, 2026 11:20:21 PM] PAUSED for gaming; holding
[Tue, Jul 28, 2026 11:20:51 PM] PAUSED for gaming; holding
[Tue, Jul 28, 2026 11:21:21 PM] PAUSED for gaming; holding
[Tue, Jul 28, 2026 11:21:51 PM] PAUSED for gaming; holding
[Tue, Jul 28, 2026 11:22:21 PM] PAUSED for gaming; holding
[Tue, Jul 28, 2026 11:22:51 PM] PAUSED for gaming; holding
[Tue, Jul 28, 2026 11:23:21 PM] PAUSED for gaming; holding
[Tue, Jul 28, 2026 11:23:51 PM] PAUSED for gaming; holding
[Tue, Jul 28, 2026 11:24:22 PM] PAUSED for gaming; holding
[Tue, Jul 28, 2026 11:24:52 PM] PAUSED for gaming; holding
[Tue, Jul 28, 2026 11:25:22 PM] PAUSED for gaming; holding
[Tue, Jul 28, 2026 11:25:52 PM] PAUSED for gaming; holding
[Tue, Jul 28, 2026 11:26:22 PM] PAUSED for gaming; holding
[Tue, Jul 28, 2026 11:26:52 PM] PAUSED for gaming; holding
[Tue, Jul 28, 2026 11:27:22 PM] PAUSED for gaming; holding
[Tue, Jul 28, 2026 11:27:52 PM] PAUSED for gaming; holding
[Tue, Jul 28, 2026 11:28:22 PM] PAUSED for gaming; holding
[Tue, Jul 28, 2026 11:28:52 PM] PAUSED for gaming; holding
[Tue, Jul 28, 2026 11:29:22 PM] PAUSED for gaming; holding
[Tue, Jul 28, 2026 11:29:53 PM] PAUSED for gaming; holding
[Tue, Jul 28, 2026 11:30:23 PM] PAUSED for gaming; holding
[Tue, Jul 28, 2026 11:30:53 PM] PAUSED for gaming; holding
[Tue, Jul 28, 2026 11:31:23 PM] PAUSED for gaming; holding
[Tue, Jul 28, 2026 11:31:53 PM] PAUSED for gaming; holding
[Tue, Jul 28, 2026 11:32:23 PM] PAUSED for gaming; holding
[Tue, Jul 28, 2026 11:32:53 PM] PAUSED for gaming; holding
[Tue, Jul 28, 2026 11:33:23 PM] PAUSED for gaming; holding
[Tue, Jul 28, 2026 11:33:53 PM] PAUSED for gaming; holding
[Tue, Jul 28, 2026 11:34:23 PM] PAUSED for gaming; holding
[Tue, Jul 28, 2026 11:34:53 PM] PAUSED for gaming; holding
[Tue, Jul 28, 2026 11:35:23 PM] PAUSED for gaming; holding
[Tue, Jul 28, 2026 11:35:53 PM] PAUSED for gaming; holding
[Tue, Jul 28, 2026 11:36:24 PM] PAUSED for gaming; holding
[Tue, Jul 28, 2026 11:36:54 PM] PAUSED for gaming; holding
[Tue, Jul 28, 2026 11:37:24 PM] PAUSED for gaming; holding
[Tue, Jul 28, 2026 11:37:54 PM] PAUSED for gaming; holding
[Tue, Jul 28, 2026 11:38:24 PM] PAUSED for gaming; holding
[Tue, Jul 28, 2026 11:38:54 PM] PAUSED for gaming; holding
[Tue, Jul 28, 2026 11:39:24 PM] PAUSED for gaming; holding
[Tue, Jul 28, 2026 11:39:54 PM] PAUSED for gaming; holding
[Tue, Jul 28, 2026 11:40:24 PM] PAUSED for gaming; holding
[Tue, Jul 28, 2026 11:40:54 PM] PAUSED for gaming; holding
[Tue, Jul 28, 2026 11:41:24 PM] PAUSED for gaming; holding
[Tue, Jul 28, 2026 11:41:54 PM] PAUSED for gaming; holding
[Tue, Jul 28, 2026 11:42:24 PM] PAUSED for gaming; holding
[Tue, Jul 28, 2026 11:42:54 PM] PAUSED for gaming; holding
[Tue, Jul 28, 2026 11:43:25 PM] PAUSED for gaming; holding
[Tue, Jul 28, 2026 11:43:55 PM] PAUSED for gaming; holding
[Tue, Jul 28, 2026 11:44:25 PM] PAUSED for gaming; holding
[Tue, Jul 28, 2026 11:44:55 PM] PAUSED for gaming; holding
[Tue, Jul 28, 2026 11:45:25 PM] PAUSED for gaming; holding
[Tue, Jul 28, 2026 11:45:55 PM] PAUSED for gaming; holding
[Tue, Jul 28, 2026 11:46:25 PM] PAUSED for gaming; holding
[Tue, Jul 28, 2026 11:46:55 PM] PAUSED for gaming; holding
[Tue, Jul 28, 2026 11:47:25 PM] PAUSED for gaming; holding
[Tue, Jul 28, 2026 11:47:55 PM] PAUSED for gaming; holding
[Tue, Jul 28, 2026 11:48:25 PM] PAUSED for gaming; holding
[Tue, Jul 28, 2026 11:48:55 PM] PAUSED for gaming; holding
[Tue, Jul 28, 2026 11:49:25 PM] PAUSED for gaming; holding
[Tue, Jul 28, 2026 11:49:55 PM] PAUSED for gaming; holding
[Tue, Jul 28, 2026 11:50:25 PM] PAUSED for gaming; holding
[Tue, Jul 28, 2026 11:50:55 PM] PAUSED for gaming; holding
[Tue, Jul 28, 2026 11:51:25 PM] PAUSED for gaming; holding
[Tue, Jul 28, 2026 11:51:56 PM] PAUSED for gaming; holding
[Tue, Jul 28, 2026 11:52:26 PM] PAUSED for gaming; holding
[Tue, Jul 28, 2026 11:52:56 PM] PAUSED for gaming; holding
[Tue, Jul 28, 2026 11:53:26 PM] PAUSED for gaming; holding
[Tue, Jul 28, 2026 11:53:56 PM] PAUSED for gaming; holding
[Tue, Jul 28, 2026 11:54:26 PM] PAUSED for gaming; holding
[Tue, Jul 28, 2026 11:54:56 PM] PAUSED for gaming; holding
[Tue, Jul 28, 2026 11:55:26 PM] PAUSED for gaming; holding
[Tue, Jul 28, 2026 11:55:56 PM] PAUSED for gaming; holding
[Tue, Jul 28, 2026 11:56:26 PM] PAUSED for gaming; holding
[Tue, Jul 28, 2026 11:56:56 PM] PAUSED for gaming; holding
[Tue, Jul 28, 2026 11:57:26 PM] PAUSED for gaming; holding
[Tue, Jul 28, 2026 11:57:56 PM] PAUSED for gaming; holding
[Tue, Jul 28, 2026 11:58:26 PM] PAUSED for gaming; holding
[Tue, Jul 28, 2026 11:58:56 PM] PAUSED for gaming; holding
[Tue, Jul 28, 2026 11:59:27 PM] PAUSED for gaming; holding
[Tue, Jul 28, 2026 11:59:57 PM] PAUSED for gaming; holding
[Wed, Jul 29, 2026 12:00:27 AM] PAUSED for gaming; holding
[Wed, Jul 29, 2026 12:00:57 AM] PAUSED for gaming; holding
[Wed, Jul 29, 2026 12:01:27 AM] PAUSED for gaming; holding
[Wed, Jul 29, 2026 12:01:57 AM] PAUSED for gaming; holding
[Wed, Jul 29, 2026 12:02:27 AM] PAUSED for gaming; holding
[Wed, Jul 29, 2026 12:02:57 AM] PAUSED for gaming; holding
[Wed, Jul 29, 2026 12:03:27 AM] PAUSED for gaming; holding
[Wed, Jul 29, 2026 12:03:57 AM] PAUSED for gaming; holding
[Wed, Jul 29, 2026 12:04:27 AM] PAUSED for gaming; holding
[Wed, Jul 29, 2026 12:04:57 AM] PAUSED for gaming; holding
[Wed, Jul 29, 2026 12:05:27 AM] PAUSED for gaming; holding
[Wed, Jul 29, 2026 12:05:57 AM] PAUSED for gaming; holding
[Wed, Jul 29, 2026 12:06:27 AM] PAUSED for gaming; holding
[Wed, Jul 29, 2026 12:06:57 AM] PAUSED for gaming; holding
[Wed, Jul 29, 2026 12:07:27 AM] PAUSED for gaming; holding
[Wed, Jul 29, 2026 12:07:57 AM] PAUSED for gaming; holding
[Wed, Jul 29, 2026 12:08:28 AM] PAUSED for gaming; holding
[Wed, Jul 29, 2026 12:08:58 AM] PAUSED for gaming; holding
[Wed, Jul 29, 2026 12:09:28 AM] PAUSED for gaming; holding
[Wed, Jul 29, 2026 12:09:58 AM] PAUSED for gaming; holding
[Wed, Jul 29, 2026 12:10:28 AM] PAUSED for gaming; holding
[Wed, Jul 29, 2026 12:10:58 AM] PAUSED for gaming; holding
[Wed, Jul 29, 2026 12:11:28 AM] PAUSED for gaming; holding
[Wed, Jul 29, 2026 12:11:58 AM] PAUSED for gaming; holding
[Wed, Jul 29, 2026 12:12:28 AM] PAUSED for gaming; holding
[Wed, Jul 29, 2026 12:12:58 AM] PAUSED for gaming; holding
[Wed, Jul 29, 2026 12:13:28 AM] PAUSED for gaming; holding
[Wed, Jul 29, 2026 12:13:58 AM] PAUSED for gaming; holding
[Wed, Jul 29, 2026 12:14:28 AM] PAUSED for gaming; holding
[Wed, Jul 29, 2026 12:14:58 AM] PAUSED for gaming; holding
[Wed, Jul 29, 2026 12:15:29 AM] PAUSED for gaming; holding
[Wed, Jul 29, 2026 12:15:59 AM] PAUSED for gaming; holding
[Wed, Jul 29, 2026 12:16:29 AM] PAUSED for gaming; holding
[Wed, Jul 29, 2026 12:16:59 AM] PAUSED for gaming; holding
[Wed, Jul 29, 2026 12:17:29 AM] PAUSED for gaming; holding
[Wed, Jul 29, 2026 12:17:59 AM] PAUSED for gaming; holding
[Wed, Jul 29, 2026 12:18:29 AM] PAUSED for gaming; holding
[Wed, Jul 29, 2026 12:18:59 AM] PAUSED for gaming; holding
[Wed, Jul 29, 2026 12:19:29 AM] PAUSED for gaming; holding
[Wed, Jul 29, 2026 12:19:59 AM] PAUSED for gaming; holding
[Wed, Jul 29, 2026 12:20:29 AM] PAUSED for gaming; holding
[Wed, Jul 29, 2026 12:20:59 AM] PAUSED for gaming; holding
[Wed, Jul 29, 2026 12:21:29 AM] PAUSED for gaming; holding
[Wed, Jul 29, 2026 12:22:00 AM] PAUSED for gaming; holding
[Wed, Jul 29, 2026 12:22:30 AM] PAUSED for gaming; holding
[Wed, Jul 29, 2026 12:23:00 AM] PAUSED for gaming; holding
[Wed, Jul 29, 2026 12:23:30 AM] PAUSED for gaming; holding
[Wed, Jul 29, 2026 12:24:00 AM] PAUSED for gaming; holding
[Wed, Jul 29, 2026 12:24:30 AM] PAUSED for gaming; holding
[Wed, Jul 29, 2026 12:25:00 AM] PAUSED for gaming; holding
[Wed, Jul 29, 2026 12:25:30 AM] PAUSED for gaming; holding
[Wed, Jul 29, 2026 12:26:00 AM] PAUSED for gaming; holding
[Wed, Jul 29, 2026 12:26:30 AM] PAUSED for gaming; holding
[Wed, Jul 29, 2026 12:27:00 AM] PAUSED for gaming; holding
[Wed, Jul 29, 2026 12:27:30 AM] PAUSED for gaming; holding
[Wed, Jul 29, 2026 12:28:00 AM] PAUSED for gaming; holding
[Wed, Jul 29, 2026 12:28:30 AM] PAUSED for gaming; holding
[Wed, Jul 29, 2026 12:29:01 AM] PAUSED for gaming; holding
[Wed, Jul 29, 2026 12:29:31 AM] PAUSED for gaming; holding
[Wed, Jul 29, 2026 12:30:01 AM] PAUSED for gaming; holding
[Wed, Jul 29, 2026 12:30:31 AM] PAUSED for gaming; holding
[Wed, Jul 29, 2026 12:31:01 AM] PAUSED for gaming; holding
[Wed, Jul 29, 2026 12:31:31 AM] PAUSED for gaming; holding
[Wed, Jul 29, 2026 12:32:01 AM] PAUSED for gaming; holding
[Wed, Jul 29, 2026 12:32:31 AM] PAUSED for gaming; holding
[Wed, Jul 29, 2026 12:33:01 AM] PAUSED for gaming; holding
[Wed, Jul 29, 2026 12:33:31 AM] PAUSED for gaming; holding
[Wed, Jul 29, 2026 12:34:01 AM] PAUSED for gaming; holding
[Wed, Jul 29, 2026 12:34:31 AM] PAUSED for gaming; holding
[Wed, Jul 29, 2026 12:35:01 AM] PAUSED for gaming; holding
[Wed, Jul 29, 2026 12:35:31 AM] PAUSED for gaming; holding
[Wed, Jul 29, 2026 12:36:02 AM] PAUSED for gaming; holding
[Wed, Jul 29, 2026 12:36:32 AM] PAUSED for gaming; holding
[Wed, Jul 29, 2026 12:37:02 AM] PAUSED for gaming; holding
[Wed, Jul 29, 2026 12:37:32 AM] PAUSED for gaming; holding
[Wed, Jul 29, 2026 12:38:02 AM] PAUSED for gaming; holding
[Wed, Jul 29, 2026 12:38:32 AM] PAUSED for gaming; holding
[Wed, Jul 29, 2026 12:39:02 AM] PAUSED for gaming; holding
[Wed, Jul 29, 2026 12:39:32 AM] PAUSED for gaming; holding
[Wed, Jul 29, 2026 12:40:02 AM] PAUSED for gaming; holding
[Wed, Jul 29, 2026 12:40:32 AM] PAUSED for gaming; holding
[Wed, Jul 29, 2026 12:41:02 AM] PAUSED for gaming; holding
[Wed, Jul 29, 2026 12:41:32 AM] PAUSED for gaming; holding
[Wed, Jul 29, 2026 12:42:02 AM] PAUSED for gaming; holding
[Wed, Jul 29, 2026 12:42:33 AM] PAUSED for gaming; holding
[Wed, Jul 29, 2026 12:43:03 AM] PAUSED for gaming; holding
[Wed, Jul 29, 2026 12:43:33 AM] PAUSED for gaming; holding
[Wed, Jul 29, 2026 12:44:03 AM] PAUSED for gaming; holding
  kept best   it57  cand win=0.4417 ci=0.0562 (not CI-clear)
  REF it57  vs_champ=0.0950 vs_book=0.1500 vs_default=0.4275 best_cul(vs_champ side)
== ITER 58  Wed, Jul 29, 2026  1:07:24 AM ==
  kept best   it58  cand win=0.4567 ci=0.0561 (not CI-clear)
== ITER 59  Wed, Jul 29, 2026  1:25:59 AM ==
  kept best   it59  cand win=0.4133 ci=0.0558 (not CI-clear)
== ITER 60  Wed, Jul 29, 2026  1:43:11 AM ==
  kept best   it60  cand win=0.4833 ci=0.0565 (not CI-clear)
  REF it60  vs_champ=0.0950 vs_book=0.1500 vs_default=0.4275 best_cul(vs_champ side)
== ITER 61  Wed, Jul 29, 2026  2:11:39 AM ==
  kept best   it61  cand win=0.3983 ci=0.0554 (not CI-clear)
== ITER 62  Wed, Jul 29, 2026  2:30:33 AM ==
  kept best   it62  cand win=0.4583 ci=0.0562 (not CI-clear)
== ITER 63  Wed, Jul 29, 2026  2:48:46 AM ==
  kept best   it63  cand win=0.4450 ci=0.0562 (not CI-clear)
  REF it63  vs_champ=0.0950 vs_book=0.1500 vs_default=0.4275 best_cul(vs_champ side)
== ITER 64  Wed, Jul 29, 2026  3:16:51 AM ==
  kept best   it64  cand win=0.4667 ci=0.0565 (not CI-clear)
== ITER 65  Wed, Jul 29, 2026  3:33:42 AM ==
  kept best   it65  cand win=0.4167 ci=0.0555 (not CI-clear)
== ITER 66  Wed, Jul 29, 2026  3:51:09 AM ==
  kept best   it66  cand win=0.4450 ci=0.0560 (not CI-clear)
  REF it66  vs_champ=0.0950 vs_book=0.1500 vs_default=0.4275 best_cul(vs_champ side)
== ITER 67  Wed, Jul 29, 2026  4:20:38 AM ==
  kept best   it67  cand win=0.4417 ci=0.0558 (not CI-clear)
== ITER 68  Wed, Jul 29, 2026  4:39:43 AM ==
  kept best   it68  cand win=0.4300 ci=0.0555 (not CI-clear)
== ITER 69  Wed, Jul 29, 2026  5:04:03 AM ==
  kept best   it69  cand win=0.4217 ci=0.0559 (not CI-clear)
  REF it69  vs_champ=0.0950 vs_book=0.1500 vs_default=0.4275 best_cul(vs_champ side)
== ITER 70  Wed, Jul 29, 2026  5:32:58 AM ==
  kept best   it70  cand win=0.4617 ci=0.0564 (not CI-clear)
== ITER 71  Wed, Jul 29, 2026  5:51:02 AM ==
  kept best   it71  cand win=0.4667 ci=0.0562 (not CI-clear)
== ITER 72  Wed, Jul 29, 2026  6:09:32 AM ==
  kept best   it72  cand win=0.3617 ci=0.0542 (not CI-clear)
  REF it72  vs_champ=0.0950 vs_book=0.1500 vs_default=0.4275 best_cul(vs_champ side)
== ITER 73  Wed, Jul 29, 2026  6:37:12 AM ==
  kept best   it73  cand win=0.4150 ci=0.0558 (not CI-clear)
== ITER 74  Wed, Jul 29, 2026  6:54:15 AM ==
