================================================================================
THROUGH THE AGES -- CANDIDATE-SET SPREAD / EVAL-SHARE (featspread rebuild)
================================================================================
Rebuild of the tool that produced analysis/spread_quantiles_2026-08-24.txt and
analysis/eval_share_2026-08-24.txt -- the original was written in a throwaway
isolated clone and deleted after that run, so those tables were unreproducible.
This binary is landed in the tracked tree (rust/src/bin/featspread.rs) instead.

METHOD: at every real self-play decision (filter_resign'd legal-move count > 1)
reached by WeightedBot::choose under a given player count's champion weights,
every legal move is applied to a scratch clone and eval::candidate_features()
(== eval::linear_features run once per candidate) is read for each, with
`freeze` pinned to that count's champion vector. Per WeightKey, per decision:
  spread(k) = max(candidate values) - min(candidate values)
Accumulated per player count: fire_rate (fraction of decisions with spread>0),
mean_spread (over ALL decisions), mean_spread_when_firing / p95_spread / 
max_spread (over FIRING decisions only, p95 nearest-rank). Per decision also:
  total_spread = max(dot(champ_w, phi)) - min(dot(champ_w, phi))
over the candidate set, p50/p95 reported per player count. Per (key, count):
  eval_share(k) = abs(champ_w(k)) * p95_spread_when_firing(k) / p95_total_spread
using THAT key's OWN player count's p95_total_spread, never a cross-count max.
The move that actually advances each game is chosen separately by
WeightedBot::choose on the same state, not re-derived from these scores.

games_per_count=160 seed=0 champion_dir=/Users/pt/tta-ai/analysis/frozen/clamp_ceiling_2026-08-27

featspread: 2p done (160 games, 39865 decisions, 102.2s)
featspread: 3p done (160 games, 68148 decisions, 249.7s)
featspread: 4p done (160 games, 98786 decisions, 729.0s)
================================================================================
PER-KEY TABLE (all 174 WeightKeys, at 2p/3p/4p)
================================================================================
Columns: key | n (decisions sampled) | fire_rate | mean_spread |
mean_spread_when_firing | p95_spread | max_spread

-- 2p --
key                                 n  fire_rate    mean_spread  mean_spread_when_firing     p95_spread     max_spread
rate_horizon                    39865     0.0000       0.000000                 0.000000       0.000000       0.000000
culture                         39865     0.5092       2.726477                 5.354236      12.000000      51.000000
culture_rate                    39865     0.5734       0.788963                 1.375913       3.624443      13.805981
science                         39865     0.3879       0.896150                 2.310204       7.000000      19.000000
science_rate                    39865     0.4349       0.400693                 0.921308       2.045404      10.300960
food_rate                       39865     0.6047       0.651758                 1.077748       2.234247      11.588580
resource_rate                   39865     0.6394       1.225971                 1.917353       3.896403      12.876200
food_stock                      39865     0.3497       0.808579                 2.312007       4.000000       8.000000
famine_deficit                  39865     0.1363       0.147347                 1.081370       2.000000       3.000000
resource_stock                  39865     0.5529       1.862787                 3.369328       6.000000      15.000000
blue_free                       39865     0.5703       2.274276                 3.988036       7.000000      12.000000
corruption_headroom             39865     0.5335       1.298884                 2.434758       4.000000       4.000000
consumption_headroom            39865     0.2074       0.348376                 1.679932       3.000000       3.000000
pop_cost                        39865     0.0674       0.068080                 1.009673       1.000000       3.000000
yellow_bank                     39865     0.2083       0.254120                 1.219807       2.000000      10.000000
free_workers                    39865     0.6594       0.750909                 1.138819       2.000000       2.000000
free_worker_wall                39865     0.5583       5.068908                 9.078623      19.000000      35.000000
workers                         39865     0.6309       0.339964                 0.538851       1.460526       2.631579
prod_workers                    39865     0.5224       0.605845                 1.159760       2.000000       2.000000
urban_workers                   39865     0.5237       0.585827                 1.118647       2.000000       2.000000
unit_workers                    39865     0.5990       0.687019                 1.146997       2.000000       7.000000
happy_margin                    39865     0.3899       0.485777                 1.246011       2.000000       5.000000
discontent                      39865     0.0996       0.106660                 1.070763       2.000000       5.000000
uprising                        39865     0.0278       0.385877                13.858559      20.000000      27.000000
civil_actions                   39865     0.0147       0.022551                 1.528912       3.000000       3.000000
military_actions                39865     0.0436       0.054509                 1.250288       2.000000       5.000000
ca_left                         39865     0.6164       2.126979                 3.450476       5.000000       9.000000
ma_left                         39865     0.6827       1.221096                 1.788683       3.000000       3.000000
take_cost_paid                  39865     0.4745       1.189163                 2.506265       4.000000       7.000000
row_urgency                     39865     0.6529       5.635616                 8.631290      31.416324     126.239954
row_bargain_forgone             39865     0.5894       2.357518                 4.000104       7.951906       9.000000
row_last_copy                   39865     0.6019       2.245706                 3.730834       9.033333      13.000000
rival_desire                    39865     0.0000       0.000000                 0.000000       0.000000       0.000000
rival_take_share                39865     0.0000       0.000000                 0.000000       0.000000       0.000000
rival_free_ca                   39865     0.0001       0.000125                 1.666667       2.000000       2.000000
rival_hand_civil                39865     0.0148       0.023078                 1.559322       3.000000       5.000000
rival_wonders                   39865     0.0000       0.000000                 0.000000       0.000000       0.000000
rival_wonder_deficit            39865     0.0100       0.010034                 1.000000       1.000000       1.000000
rival_science_deficit           39865     0.2269       0.232485                 1.024768       1.000000       6.000000
rival_culture_deficit           39865     0.2825       0.356654                 1.262700       3.000000       7.000000
rival_hand_potential            39865     0.1290       0.112434                 0.871345       4.838118      42.785749
rival_science_stock             39865     0.0096       0.024382                 2.544503       6.000000       7.000000
rival_food_stock                39865     0.0149       0.033011                 2.211765       5.000000       8.000000
rival_resource_stock            39865     0.0139       0.035921                 2.584838       6.000000       9.000000
rival_free_workers              39865     0.0107       0.010887                 1.014019       1.000000       2.000000
rival_yellow_bank               39865     0.0668       0.104152                 1.559144       2.000000       9.000000
rival_colonies                  39865     0.0034       0.003361                 1.000000       1.000000       1.000000
rival_mil_actions               39865     0.0045       0.005418                 1.213483       2.000000       2.000000
rival_building_wonder           39865     0.0006       0.000552                 1.000000       1.000000       1.000000
my_seeded_pending               39865     0.0796       0.121335                 1.523945       3.000000       3.000000
my_event_threat                 39865     0.1000       0.860427                 8.601033      26.000000      51.131724
attack_target_lead              39865     0.0000       0.000000                 0.000000       0.000000       0.000000
attack_target_weakness          39865     0.0788       0.383294                 4.863144      13.000000      31.000000
pact_partner_lead               39865     0.0000       0.000000                 0.000000       0.000000       0.000000
strength                        39865     0.6338       1.647134                 2.598971       6.000000      18.000000
strength_rel                    39865     0.6339       1.609756                 2.539290       6.000000      18.000000
strength_deficit                39865     0.4049       0.821472                 2.028996       5.000000      12.000000
strength_lead                   39865     0.2761       0.599047                 2.170014       5.000000       6.000000
tactic_level                    39865     0.1371       0.181312                 1.322598       2.000000       2.000000
tactic_gain                     39865     0.2571       0.431782                 1.679317       3.000000       8.000000
tactic_short                    39865     0.4593       0.552916                 1.203757       2.000000       3.000000
has_unit                        39865     0.1716       0.171554                 1.000000       1.000000       1.000000
colonies                        39865     0.0085       0.008479                 1.000000       1.000000       1.000000
has_colony                      39865     0.0053       0.005343                 1.000000       1.000000       1.000000
pacts                           39865     0.0000       0.000000                 0.000000       0.000000       0.000000
pact_blocks_attack              39865     0.0000       0.000000                 0.000000       0.000000       0.000000
war_immune                      39865     0.0000       0.000000                 0.000000       0.000000       0.000000
attack_cost_doubled             39865     0.0027       0.002684                 1.000000       1.000000       1.000000
auction_committed               39865     0.0558       0.033137                 0.593975       1.000000       1.000000
auction_bid                     39865     0.0558       0.254271                 4.557779       9.500000      22.000000
tech_levels                     39865     0.3125       0.068529                 0.219291       0.723684       1.144737
gov_level                       39865     0.0111       0.017183                 1.549774       3.000000       3.000000
best_farm                       39865     0.0042       0.006045                 1.443114       3.000000       3.000000
best_mine                       39865     0.0076       0.008855                 1.161184       2.000000       3.000000
best_lab                        39865     0.0134       0.019089                 1.422430       2.000000       3.000000
best_temple                     39865     0.0404       0.060454                 1.495965       2.000000       2.000000
best_theater                    39865     0.0050       0.007425                 1.494949       3.000000       3.000000
best_library                    39865     0.0041       0.006121                 1.506173       3.000000       3.000000
best_arena                      39865     0.0032       0.005845                 1.849206       3.000000       3.000000
best_unit                       39865     0.0238       0.030428                 1.276842       2.000000       3.000000
num_techs                       39865     0.0925       0.092537                 1.000000       1.000000       1.000000
special_techs                   39865     0.0053       0.005318                 1.000000       1.000000       1.000000
wonders                         39865     0.0232       0.023228                 1.000000       1.000000       1.000000
wonder_progress                 39865     0.0938       0.400978                 4.274064       8.000000      10.000000
wonder_remaining                39865     0.2575       2.115038                 8.214731      16.000000      16.000000
wonder_stages_left              39865     0.2575       0.680998                 2.644973       5.000000       5.000000
wonder_turns_to_finish          39865     0.3622       0.634192                 1.750714       4.000000       8.250000
wonder_overrun                  39865     0.0193       0.032229                 1.668561       4.333333       7.000000
wonder_stages_per_action        39865     0.0024       0.003687                 1.563830       3.000000       3.000000
wonder_potential                39865     0.2042       1.960251                 9.597814      39.001754      80.464327
wonder_promise                  39865     0.3796       4.120801                10.855463      32.070146      94.192373
wonder_age_overrun              39865     0.0257       0.040505                 1.575330       4.000000       7.000000
leader                          39865     0.0467       0.046733                 1.000000       1.000000       1.000000
wonder_in_progress              39865     0.1875       0.187458                 1.000000       1.000000       1.000000
hand_limit                      39865     0.0001       0.000100                 2.000000       2.000000       2.000000
colonize_bonus                  39865     0.0007       0.001831                 2.607143       4.000000       4.000000
build_discount                  39865     0.0024       0.009256                 3.925532       6.000000       6.000000
resource_discount               39865     0.0000       0.000000                 0.000000       0.000000       0.000000
defense_bonus                   39865     0.0000       0.000000                 0.000000       0.000000       0.000000
urban_limit                     39865     0.0108       0.012492                 1.152778       2.000000       2.000000
gov_action_cost                 39865     0.0000       0.000000                 0.000000       0.000000       0.000000
no_aggression                   39865     0.0027       0.002684                 1.000000       1.000000       1.000000
card_board_credit               39865     0.0000       0.000000                 0.000000       0.000000       0.000000
event_scoring_margin            39865     0.2499       0.622325                 2.490364      10.000000      40.480000
card_board_leader               39865     0.0000       0.000000                 0.000000       0.000000       0.000000
hand_swap_extra                 39865     0.0000       0.000000                 0.000000       0.000000       0.000000
card_rate_credit                39865     0.0000       0.000000                 0.000000       0.000000       0.000000
unit_strength_credit            39865     0.0000       0.000000                 0.000000       0.000000       0.000000
unit_tech_credit                39865     0.0000       0.000000                 0.000000       0.000000       0.000000
tech_board_credit               39865     0.0000       0.000000                 0.000000       0.000000       0.000000
action_board_credit             39865     0.0000       0.000000                 0.000000       0.000000       0.000000
gov_board_credit                39865     0.0000       0.000000                 0.000000       0.000000       0.000000
wonder_board_credit             39865     0.0000       0.000000                 0.000000       0.000000       0.000000
build_fresh_credit              39865     0.0000       0.000000                 0.000000       0.000000       0.000000
restricted_resource_credit      39865     0.0000       0.000000                 0.000000       0.000000       0.000000
free_action_credit              39865     0.0000       0.000000                 0.000000       0.000000       0.000000
territory_credit                39865     0.0000       0.000000                 0.000000       0.000000       0.000000
bonus_card_credit               39865     0.0000       0.000000                 0.000000       0.000000       0.000000
tactic_board_credit             39865     0.0000       0.000000                 0.000000       0.000000       0.000000
aggression_board_credit         39865     0.0000       0.000000                 0.000000       0.000000       0.000000
war_board_credit                39865     0.0000       0.000000                 0.000000       0.000000       0.000000
pact_board_credit               39865     0.0000       0.000000                 0.000000       0.000000       0.000000
event_board_credit              39865     0.0000       0.000000                 0.000000       0.000000       0.000000
tactic_shortfall_cost           39865     0.0000       0.000000                 0.000000       0.000000       0.000000
tactic_reach_credit             39865     0.0000       0.000000                 0.000000       0.000000       0.000000
hand_civil                      39865     0.5237       0.838906                 1.601906       2.000000       5.000000
hand_value                      39865     0.5660       0.821008                 1.450454       2.789474       3.848684
hand_potential                  39865     0.6106       6.488555                10.626334      31.468670     189.910034
hand_military                   39865     0.6220       1.138442                 1.830295       4.000000       5.000000
hand_mil_value                  39865     0.6410       3.149479                 4.913474      12.000000      24.000000
hand_mil_potential              39865     0.7698      33.297541                43.256313     178.183598     538.449559
hand_perishable                 39865     0.5330       0.366337                 0.687281       1.462544       4.387255
rival_culture                   39865     0.0264       0.271190                10.276616      27.000000      50.000000
rival_mean_culture              39865     0.0264       0.271190                10.276616      27.000000      50.000000
rival_culture_rate              39865     0.0000       0.000000                 0.000000       0.000000       0.000000
rival_science_rate              39865     0.0000       0.000000                 0.000000       0.000000       0.000000
rival_strength                  39865     0.0000       0.000000                 0.000000       0.000000       0.000000
end_turn_bias                   39865     0.6579       0.657920                 1.000000       1.000000       1.000000
culture_rate_trailing           39865     0.0000       0.000000                 0.000000       0.000000       0.000000
science_rate_trailing           39865     0.0000       0.000000                 0.000000       0.000000       0.000000
food_stock_needed               39865     0.0000       0.000000                 0.000000       0.000000       0.000000
resource_stock_needed           39865     0.0000       0.000000                 0.000000       0.000000       0.000000
science_needed                  39865     0.0000       0.000000                 0.000000       0.000000       0.000000
free_workers_needed             39865     0.0000       0.000000                 0.000000       0.000000       0.000000
workers_late                    39865     0.6731       0.500349                 0.743354       1.302632       6.493421
strength_rel_early              39865     0.6328       0.640318                 1.011864       2.467105       7.894737
strength_rel_late               39865     0.6712       1.035836                 1.543283       4.440789      13.381579
tech_levels_late                39865     0.3164       0.111661                 0.352948       1.618421       3.894737
hand_value_late                 39865     0.6014       1.456371                 2.421514       7.526316      14.802632
food_gap                        39865     0.3180       0.576220                 1.812022       4.000000       5.000000
food_surplus                    39865     0.1471       0.279343                 1.899369       4.000000       7.000000
resource_gap                    39865     0.3041       0.676985                 2.225998       4.000000      10.000000
resource_surplus                39865     0.5316       1.684259                 3.168468       6.000000      15.000000
science_gap                     39865     0.3154       1.470864                 4.663644      10.000000      12.000000
science_surplus                 39865     0.4955       1.608077                 3.245545       7.000000      18.000000
culture_gap                     39865     0.2790       1.232873                 4.418240      10.000000      59.000000
culture_surplus                 39865     0.2805       1.474163                 5.255075      13.000000      46.000000
happy_surplus                   39865     0.4144       0.597441                 1.441620       3.000000       6.000000
civil_action_gap                39865     0.6005       1.532246                 2.551610       4.000000       9.000000
civil_action_surplus            39865     0.4742       1.043121                 2.199630       4.000000       7.000000
take_cost_share                 39865     0.4752       0.276982                 0.582931       0.857143       1.000000
military_action_gap             39865     0.6490       1.117484                 1.721947       3.000000       6.000000
military_action_surplus         39865     0.2867       0.425273                 1.483376       3.000000       5.000000
worker_gap                      39865     0.4541       0.540549                 1.190355       2.000000       2.000000
worker_surplus                  39865     0.2610       0.287646                 1.102172       2.000000       2.000000
tech_redundancy_discount        39865     0.0000       0.000000                 0.000000       0.000000       0.000000
leader_replacement              39865     0.0784       0.078390                 1.000000       1.000000       1.000000
wonder_pool_rival_claimed       39865     0.0104       0.010636                 1.024155       1.000000       2.000000
hand_over_capacity              39865     0.3641       0.378001                 1.038239       1.000000       5.000000
happy_margin_after_next_pop     39865     0.1605       0.171441                 1.067891       2.000000       5.000000
resource_commitment_turns       39865     0.6207       3.274937                 5.276030      16.000000      38.666667
wonder_one_stage_short          39865     0.0572       0.057168                 1.000000       1.000000       1.000000
science_need_row                39865     0.2953       0.586580                 1.986240       5.000000      18.000000
row_playable_count              39865     0.5962       4.307989                 7.225597      13.000000      13.000000

-- 3p --
key                                 n  fire_rate    mean_spread  mean_spread_when_firing     p95_spread     max_spread
rate_horizon                    68148     0.0000       0.000000                 0.000000       0.000000       0.000000
culture                         68148     0.3413       1.264510                 3.705445       9.000000      66.000000
culture_rate                    68148     0.5054       0.582145                 1.151849       2.686781      10.610276
science                         68148     0.2990       0.592527                 1.981621       6.000000      16.000000
science_rate                    68148     0.4375       0.477843                 1.092277       2.460540       5.005720
food_rate                       68148     0.4918       0.548455                 1.115271       2.664297       6.560580
resource_rate                   68148     0.5550       1.043222                 1.879835       4.166425       8.691399
food_stock                      68148     0.3093       0.820168                 2.652092       4.000000      14.000000
famine_deficit                  68148     0.1116       0.120908                 1.083596       2.000000       3.000000
resource_stock                  68148     0.4177       1.339668                 3.207521       6.000000      21.000000
blue_free                       68148     0.4745       1.703432                 3.589866       7.000000      13.000000
corruption_headroom             68148     0.4350       1.054704                 2.424557       4.000000       4.000000
consumption_headroom            68148     0.2153       0.317529                 1.474549       3.000000       3.000000
pop_cost                        68148     0.0480       0.048336                 1.007339       1.000000       2.000000
yellow_bank                     68148     0.2175       0.233768                 1.074810       2.000000       8.000000
free_workers                    68148     0.5599       0.631185                 1.127408       2.000000       2.000000
free_worker_wall                68148     0.4547       4.486779                 9.867207      22.000000      36.000000
workers                         68148     0.5363       0.287699                 0.536478       1.388235       2.511765
prod_workers                    68148     0.4500       0.515584                 1.145689       2.000000       2.000000
urban_workers                   68148     0.4489       0.497711                 1.108794       2.000000       2.000000
unit_workers                    68148     0.5301       0.598565                 1.129256       2.000000       7.000000
happy_margin                    68148     0.3787       0.478305                 1.262902       2.000000       6.000000
discontent                      68148     0.1218       0.130248                 1.069418       2.000000       5.000000
uprising                        68148     0.0340       0.306685                 9.024180      17.000000      29.000000
civil_actions                   68148     0.0143       0.016890                 1.182939       2.000000       3.000000
military_actions                68148     0.0475       0.053134                 1.119320       2.000000       4.000000
ca_left                         68148     0.5158       1.705714                 3.306810       5.000000       9.000000
ma_left                         68148     0.5829       1.027000                 1.761857       3.000000       3.000000
take_cost_paid                  68148     0.4143       1.060559                 2.559676       4.000000       6.000000
row_urgency                     68148     0.4951       4.690446                 9.474598      30.527894     762.416827
row_bargain_forgone             68148     0.4524       1.345542                 2.974246       7.000000       9.000000
row_last_copy                   68148     0.4779       1.298141                 2.716339       7.023810      12.000000
rival_desire                    68148     0.0000       0.000000                 0.000000       0.000000       0.000000
rival_take_share                68148     0.0000       0.000000                 0.000000       0.000000       0.000000
rival_free_ca                   68148     0.0001       0.000117                 1.142857       2.000000       2.000000
rival_hand_civil                68148     0.0049       0.007895                 1.596439       3.000000       6.000000
rival_wonders                   68148     0.0000       0.000000                 0.000000       0.000000       0.000000
rival_wonder_deficit            68148     0.0097       0.009670                 1.000000       1.000000       1.000000
rival_science_deficit           68148     0.3352       0.351280                 1.048117       1.000000       3.000000
rival_culture_deficit           68148     0.3322       0.405507                 1.220767       2.000000       7.000000
rival_hand_potential            68148     0.2077       0.522253                 2.514339      11.279001     486.588558
rival_science_stock             68148     0.0140       0.032547                 2.324948       6.000000       6.000000
rival_food_stock                68148     0.0150       0.034234                 2.287255       6.000000      12.000000
rival_resource_stock            68148     0.0157       0.042510                 2.712547       6.000000       9.000000
rival_free_workers              68148     0.0105       0.010536                 1.000000       1.000000       1.000000
rival_yellow_bank               68148     0.0255       0.040588                 1.592401       3.000000       9.000000
rival_colonies                  68148     0.0028       0.002788                 1.000000       1.000000       1.000000
rival_mil_actions               68148     0.0087       0.009714                 1.122034       2.000000       2.000000
rival_building_wonder           68148     0.0023       0.002333                 1.000000       1.000000       1.000000
my_seeded_pending               68148     0.0921       0.155250                 1.686056       3.000000       3.000000
my_event_threat                 68148     0.0767       4.572463                59.602950     199.966076     405.754649
attack_target_lead              68148     0.0695       2.367685                34.083861     105.000000     238.000000
attack_target_weakness          68148     0.0919       0.596467                 6.489144      15.000000      30.000000
pact_partner_lead               68148     0.0449       1.734519                38.590924     124.000000     284.000000
strength                        68148     0.5814       1.546614                 2.660373       5.000000      20.000000
strength_rel                    68148     0.5813       1.519588                 2.614280       5.000000      20.000000
strength_deficit                68148     0.4482       1.033542                 2.305979       5.000000      14.000000
strength_lead                   68148     0.1800       0.389371                 2.162931       4.000000       6.000000
tactic_level                    68148     0.1944       0.260815                 1.341839       2.000000       2.000000
tactic_gain                     68148     0.2652       0.479735                 1.808741       4.000000      12.000000
tactic_short                    68148     0.4404       0.521776                 1.184793       2.000000       3.000000
has_unit                        68148     0.1586       0.158552                 1.000000       1.000000       1.000000
colonies                        68148     0.0091       0.009127                 1.000000       1.000000       1.000000
has_colony                      68148     0.0065       0.006471                 1.000000       1.000000       1.000000
pacts                           68148     0.0897       0.080604                 0.898577       1.500000       2.500000
pact_blocks_attack              68148     0.0269       0.020551                 0.764048       1.000000       1.500000
war_immune                      68148     0.0024       0.002436                 1.000000       1.000000       1.000000
attack_cost_doubled             68148     0.0022       0.002230                 1.000000       1.000000       1.000000
auction_committed               68148     0.0710       0.033616                 0.473606       1.000000       1.000000
auction_bid                     68148     0.0710       0.334187                 4.708325      10.000000      28.000000
tech_levels                     68148     0.2039       0.034904                 0.171162       0.723529       1.117647
gov_level                       68148     0.0120       0.014777                 1.231051       2.000000       3.000000
best_farm                       68148     0.0031       0.005679                 1.816901       3.000000       3.000000
best_mine                       68148     0.0019       0.002949                 1.582677       3.000000       3.000000
best_lab                        68148     0.0042       0.005723                 1.373239       2.000000       3.000000
best_temple                     68148     0.0039       0.006427                 1.646617       2.000000       2.000000
best_theater                    68148     0.0050       0.006985                 1.383721       2.000000       3.000000
best_library                    68148     0.0026       0.003639                 1.377778       2.000000       3.000000
best_arena                      68148     0.0030       0.004534                 1.522167       3.000000       3.000000
best_unit                       68148     0.0146       0.018460                 1.265594       2.000000       3.000000
num_techs                       68148     0.0399       0.039854                 1.000000       1.000000       1.000000
special_techs                   68148     0.0048       0.004769                 1.000000       1.000000       1.000000
wonders                         68148     0.0189       0.018856                 1.000000       1.000000       1.000000
wonder_progress                 68148     0.0823       0.299246                 3.635116       9.000000      10.000000
wonder_remaining                68148     0.2203       1.876988                 8.518447      16.000000      16.000000
wonder_stages_left              68148     0.2203       0.589144                 2.673748       5.000000       5.000000
wonder_turns_to_finish          68148     0.3296       0.627496                 1.903777       4.500000      16.000000
wonder_overrun                  68148     0.0230       0.081792                 3.552558      13.000000      15.000000
wonder_stages_per_action        68148     0.0022       0.003463                 1.562914       2.000000       3.000000
wonder_potential                68148     0.1796       1.898006                10.569153      42.722647     101.090217
wonder_promise                  68148     0.3390       4.275402                12.611354      39.010332      90.867184
wonder_age_overrun              68148     0.0351       0.094422                 2.691211      11.963225      15.000000
leader                          68148     0.0560       0.055981                 1.000000       1.000000       1.000000
wonder_in_progress              68148     0.1581       0.158112                 1.000000       1.000000       1.000000
hand_limit                      68148     0.0002       0.000323                 2.000000       2.000000       2.000000
colonize_bonus                  68148     0.0047       0.006236                 1.319876       3.000000       4.000000
build_discount                  68148     0.0022       0.008980                 4.052980       5.000000       6.000000
resource_discount               68148     0.0000       0.000000                 0.000000       0.000000       0.000000
defense_bonus                   68148     0.0000       0.000000                 0.000000       0.000000       0.000000
urban_limit                     68148     0.0109       0.011284                 1.032215       1.000000       2.000000
gov_action_cost                 68148     0.0000       0.000000                 0.000000       0.000000       0.000000
no_aggression                   68148     0.0022       0.002230                 1.000000       1.000000       1.000000
card_board_credit               68148     0.0000       0.000000                 0.000000       0.000000       0.000000
event_scoring_margin            68148     0.2272       0.831388                 3.659570      14.000000      35.500000
card_board_leader               68148     0.0000       0.000000                 0.000000       0.000000       0.000000
hand_swap_extra                 68148     0.0000       0.000000                 0.000000       0.000000       0.000000
card_rate_credit                68148     0.0000       0.000000                 0.000000       0.000000       0.000000
unit_strength_credit            68148     0.0000       0.000000                 0.000000       0.000000       0.000000
unit_tech_credit                68148     0.0000       0.000000                 0.000000       0.000000       0.000000
tech_board_credit               68148     0.0000       0.000000                 0.000000       0.000000       0.000000
action_board_credit             68148     0.0000       0.000000                 0.000000       0.000000       0.000000
gov_board_credit                68148     0.0000       0.000000                 0.000000       0.000000       0.000000
wonder_board_credit             68148     0.0000       0.000000                 0.000000       0.000000       0.000000
build_fresh_credit              68148     0.0000       0.000000                 0.000000       0.000000       0.000000
restricted_resource_credit      68148     0.0000       0.000000                 0.000000       0.000000       0.000000
free_action_credit              68148     0.0000       0.000000                 0.000000       0.000000       0.000000
territory_credit                68148     0.0000       0.000000                 0.000000       0.000000       0.000000
bonus_card_credit               68148     0.0000       0.000000                 0.000000       0.000000       0.000000
tactic_board_credit             68148     0.0000       0.000000                 0.000000       0.000000       0.000000
aggression_board_credit         68148     0.0000       0.000000                 0.000000       0.000000       0.000000
war_board_credit                68148     0.0000       0.000000                 0.000000       0.000000       0.000000
pact_board_credit               68148     0.0000       0.000000                 0.000000       0.000000       0.000000
event_board_credit              68148     0.0000       0.000000                 0.000000       0.000000       0.000000
tactic_shortfall_cost           68148     0.0000       0.000000                 0.000000       0.000000       0.000000
tactic_reach_credit             68148     0.0000       0.000000                 0.000000       0.000000       0.000000
hand_civil                      68148     0.4297       0.646901                 1.505635       2.000000       4.000000
hand_value                      68148     0.4574       0.668188                 1.460693       2.858824       4.076471
hand_potential                  68148     0.5661      24.450640                43.190912     128.355415    4120.671861
hand_military                   68148     0.5234       0.884846                 1.690652       3.000000       6.000000
hand_mil_value                  68148     0.5506       2.466206                 4.479040      12.000000      21.000000
hand_mil_potential              68148     0.7199      94.882106               131.803696     603.139467    2007.155188
hand_perishable                 68148     0.4222       0.263421                 0.623884       1.422111       3.781182
rival_culture                   68148     0.0222       0.223073                10.060887      30.000000      49.000000
rival_mean_culture              68148     0.0258       0.182390                 7.058206      27.000000      49.500000
rival_culture_rate              68148     0.0124       0.009729                 0.784615       1.000000       1.500000
rival_science_rate              68148     0.0000       0.000000                 0.000000       0.000000       0.000000
rival_strength                  68148     0.0041       0.006955                 1.717391       2.000000       2.000000
end_turn_bias                   68148     0.5623       0.562350                 1.000000       1.000000       1.000000
culture_rate_trailing           68148     0.0000       0.000000                 0.000000       0.000000       0.000000
science_rate_trailing           68148     0.0000       0.000000                 0.000000       0.000000       0.000000
food_stock_needed               68148     0.0000       0.000000                 0.000000       0.000000       0.000000
resource_stock_needed           68148     0.0000       0.000000                 0.000000       0.000000       0.000000
science_needed                  68148     0.0000       0.000000                 0.000000       0.000000       0.000000
free_workers_needed             68148     0.0000       0.000000                 0.000000       0.000000       0.000000
workers_late                    68148     0.5769       0.388712                 0.673770       1.141176       6.670588
strength_rel_early              68148     0.5556       0.583084                 1.049468       2.411765       6.100000
strength_rel_late               68148     0.5972       0.977424                 1.636637       4.117647      17.176471
tech_levels_late                68148     0.2052       0.049706                 0.242196       1.423529       3.952941
hand_value_late                 68148     0.4887       1.090963                 2.232305       7.011765      12.876471
food_gap                        68148     0.2504       0.473308                 1.889904       4.000000       7.000000
food_surplus                    68148     0.1767       0.389459                 2.204571       5.000000      12.000000
resource_gap                    68148     0.2639       0.578016                 2.190561       3.000000      11.000000
resource_surplus                68148     0.3823       1.105374                 2.891042       6.000000      21.000000
science_gap                     68148     0.3013       1.088335                 3.612304       9.000000      12.000000
science_surplus                 68148     0.3354       0.947741                 2.825314       6.000000      16.000000
culture_gap                     68148     0.2344       0.755243                 3.221805       8.000000      38.000000
culture_surplus                 68148     0.1328       0.503338                 3.788965      10.000000      35.000000
happy_surplus                   68148     0.3339       0.479239                 1.435315       3.000000       6.000000
civil_action_gap                68148     0.4915       1.232245                 2.506941       4.000000       9.000000
civil_action_surplus            68148     0.3678       0.843502                 2.293357       4.000000       7.000000
take_cost_share                 68148     0.4147       0.236671                 0.570744       0.800000       1.000000
military_action_gap             68148     0.6381       1.127805                 1.767534       3.000000       6.000000
military_action_surplus         68148     0.1733       0.247371                 1.427662       3.000000       5.000000
worker_gap                      68148     0.4010       0.453711                 1.131422       2.000000       2.000000
worker_surplus                  68148     0.1868       0.208539                 1.116466       2.000000       2.000000
tech_redundancy_discount        68148     0.0000       0.000000                 0.000000       0.000000       0.000000
leader_replacement              68148     0.0880       0.088014                 1.000000       1.000000       1.000000
wonder_pool_rival_claimed       68148     0.0032       0.003448                 1.073059       2.000000       2.000000
hand_over_capacity              68148     0.3553       0.376519                 1.059851       2.000000       4.000000
happy_margin_after_next_pop     68148     0.1765       0.191453                 1.084553       2.000000       5.000000
resource_commitment_turns       68148     0.5543       2.814527                 5.077816      16.000000      39.750000
wonder_one_stage_short          68148     0.0420       0.041953                 1.000000       1.000000       1.000000
science_need_row                68148     0.3140       0.577403                 1.839074       4.000000      19.000000
row_playable_count              68148     0.4945       3.123819                 6.317348      12.000000      13.000000

-- 4p --
key                                 n  fire_rate    mean_spread  mean_spread_when_firing     p95_spread     max_spread
rate_horizon                    98786     0.0000       0.000000                 0.000000       0.000000       0.000000
culture                         98786     0.4614       3.306107                 7.165517      18.000000      92.000000
culture_rate                    98786     0.6379       1.126993                 1.766740       4.037280      17.319189
science                         98786     0.4206       1.209175                 2.874632       9.000000      39.000000
science_rate                    98786     0.5837       0.659702                 1.130137       2.262720       9.079942
food_rate                       98786     0.6389       1.091531                 1.708464       4.008081       9.368090
resource_rate                   98786     0.6815       1.409809                 2.068766       4.322891      15.263405
food_stock                      98786     0.4088       1.293397                 3.163864       8.000000      28.000000
famine_deficit                  98786     0.1143       0.146942                 1.285953       2.000000       6.000000
resource_stock                  98786     0.5202       2.289385                 4.400840      10.000000      51.000000
blue_free                       98786     0.5604       2.564729                 4.576660       9.000000      18.000000
corruption_headroom             98786     0.5037       1.239255                 2.460476       4.000000       4.000000
consumption_headroom            98786     0.2383       0.376572                 1.580289       3.000000       3.000000
pop_cost                        98786     0.0706       0.077663                 1.100717       2.000000       3.000000
yellow_bank                     98786     0.2434       0.256656                 1.054440       1.500000      12.000000
free_workers                    98786     0.6738       0.757146                 1.123628       2.000000       2.000000
free_worker_wall                98786     0.5367       3.612273                 6.731090      16.000000      32.000000
workers                         98786     0.6352       0.324817                 0.511402       1.273743       2.150838
prod_workers                    98786     0.5853       0.665712                 1.137296       2.000000       2.000000
urban_workers                   98786     0.5864       0.649090                 1.106947       2.000000       2.000000
unit_workers                    98786     0.4693       0.529124                 1.127383       2.000000       8.000000
happy_margin                    98786     0.3846       0.519442                 1.350535       3.000000       6.000000
discontent                      98786     0.0989       0.118202                 1.194919       2.000000       6.000000
uprising                        98786     0.0371       0.656925                17.706685      41.000000      67.000000
civil_actions                   98786     0.0222       0.032434                 1.459016       3.000000       3.000000
military_actions                98786     0.0655       0.078012                 1.190561       2.000000       4.000000
ca_left                         98786     0.6438       2.423218                 3.763659       7.000000      10.000000
ma_left                         98786     0.6153       1.040006                 1.690270       3.000000       3.000000
take_cost_paid                  98786     0.5735       1.471504                 2.565956       4.000000       8.000000
row_urgency                     98786     0.6795       3.868029                 5.692301      16.916593     204.179773
row_bargain_forgone             98786     0.6675       0.774482                 1.160355       2.531578       6.429175
row_last_copy                   98786     0.6292       1.348193                 2.142577       5.000000      12.583333
rival_desire                    98786     0.0000       0.000000                 0.000000       0.000000       0.000000
rival_take_share                98786     0.0000       0.000000                 0.000000       0.000000       0.000000
rival_free_ca                   98786     0.0001       0.000172                 1.545455       3.000000       3.000000
rival_hand_civil                98786     0.0036       0.005355                 1.477654       3.000000       4.000000
rival_wonders                   98786     0.0000       0.000000                 0.000000       0.000000       0.000000
rival_wonder_deficit            98786     0.0210       0.020985                 1.000000       1.000000       1.000000
rival_science_deficit           98786     0.4250       0.495991                 1.167151       2.000000       6.000000
rival_culture_deficit           98786     0.4975       0.846775                 1.702130       4.000000      10.000000
rival_hand_potential            98786     0.0987       0.118677                 1.202670       2.122684      40.413341
rival_science_stock             98786     0.0174       0.044085                 2.534924       6.000000       8.000000
rival_food_stock                98786     0.0147       0.046019                 3.126547       8.000000      20.000000
rival_resource_stock            98786     0.0123       0.034722                 2.816092       7.000000      26.000000
rival_free_workers              98786     0.0120       0.011996                 1.002538       1.000000       2.000000
rival_yellow_bank               98786     0.0166       0.027089                 1.633700       2.000000       8.000000
rival_colonies                  98786     0.0008       0.000810                 1.000000       1.000000       1.000000
rival_mil_actions               98786     0.0154       0.015832                 1.030982       1.000000       2.000000
rival_building_wonder           98786     0.0017       0.001842                 1.076923       2.000000       2.000000
my_seeded_pending               98786     0.0912       0.153342                 1.680683       3.000000       3.000000
my_event_threat                 98786     0.0772       0.498741                 6.463149      17.716304      29.432607
attack_target_lead              98786     0.0482       2.286645                47.455567     142.500000     316.500000
attack_target_weakness          98786     0.0751       0.430314                 5.727432      14.000000      46.000000
pact_partner_lead               98786     0.0222       1.205849                54.293984     168.000000     355.500000
strength                        98786     0.5317       1.182936                 2.225010       5.000000      20.000000
strength_rel                    98786     0.5316       1.158085                 2.178309       5.000000      20.000000
strength_deficit                98786     0.4183       0.792487                 1.894414       4.000000      14.000000
strength_lead                   98786     0.1485       0.304552                 2.051377       4.000000       6.000000
tactic_level                    98786     0.2421       0.320096                 1.321893       2.000000       2.000000
tactic_gain                     98786     0.2121       0.289424                 1.364465       2.000000       8.000000
tactic_short                    98786     0.4201       0.466453                 1.110230       2.000000       3.000000
has_unit                        98786     0.2217       0.221691                 1.000000       1.000000       1.000000
colonies                        98786     0.0052       0.005223                 1.000000       1.000000       1.000000
has_colony                      98786     0.0040       0.003958                 1.000000       1.000000       1.000000
pacts                           98786     0.0792       0.078807                 0.995397       1.500000       2.500000
pact_blocks_attack              98786     0.0225       0.020382                 0.905351       1.000000       1.500000
war_immune                      98786     0.0013       0.001265                 1.000000       1.000000       1.000000
attack_cost_doubled             98786     0.0020       0.001954                 1.000000       1.000000       1.000000
auction_committed               98786     0.0143       0.007682                 0.538621       1.000000       1.000000
auction_bid                     98786     0.0143       0.057457                 4.028330      14.000000      30.000000
tech_levels                     98786     0.3210       0.047721                 0.148671       0.737430       1.195531
gov_level                       98786     0.0169       0.022716                 1.345324       2.000000       3.000000
best_farm                       98786     0.0079       0.012967                 1.644416       3.000000       3.000000
best_mine                       98786     0.0033       0.006357                 1.908815       3.000000       3.000000
best_lab                        98786     0.0018       0.003735                 2.096591       3.000000       3.000000
best_temple                     98786     0.0067       0.009526                 1.432268       2.000000       2.000000
best_theater                    98786     0.0063       0.009738                 1.549114       3.000000       3.000000
best_library                    98786     0.0061       0.009677                 1.582781       3.000000       3.000000
best_arena                      98786     0.0035       0.006833                 1.962209       3.000000       3.000000
best_unit                       98786     0.0019       0.003472                 1.824468       3.000000       3.000000
num_techs                       98786     0.0477       0.047740                 1.000000       1.000000       1.000000
special_techs                   98786     0.0113       0.011287                 1.000000       1.000000       1.000000
wonders                         98786     0.0307       0.030672                 1.000000       1.000000       1.000000
wonder_progress                 98786     0.1184       0.481819                 4.069163      10.000000      12.000000
wonder_remaining                98786     0.1808       1.150872                 6.367047      16.000000      16.000000
wonder_stages_left              98786     0.1808       0.359251                 1.987511       5.000000       5.000000
wonder_turns_to_finish          98786     0.3228       0.419610                 1.300074       3.000000      16.000000
wonder_overrun                  98786     0.0262       0.039208                 1.497739       3.666667      14.000000
wonder_stages_per_action        98786     0.0050       0.007319                 1.457661       2.000000       3.000000
wonder_potential                98786     0.2246       1.376571                 6.129360      25.501761      76.380795
wonder_promise                  98786     0.3534       2.235838                 6.326464      24.377193     114.370043
wonder_age_overrun              98786     0.0322       0.046561                 1.447314       3.939974      14.000000
leader                          98786     0.0471       0.047112                 1.000000       1.000000       1.000000
wonder_in_progress              98786     0.0935       0.093475                 1.000000       1.000000       1.000000
hand_limit                      98786     0.0026       0.005244                 2.000000       2.000000       2.000000
colonize_bonus                  98786     0.0072       0.012158                 1.698727       4.000000       4.000000
build_discount                  98786     0.0050       0.017766                 3.538306       5.000000       6.000000
resource_discount               98786     0.0000       0.000000                 0.000000       0.000000       0.000000
defense_bonus                   98786     0.0000       0.000000                 0.000000       0.000000       0.000000
urban_limit                     98786     0.0144       0.014962                 1.039381       1.000000       2.000000
gov_action_cost                 98786     0.0000       0.000000                 0.000000       0.000000       0.000000
no_aggression                   98786     0.0020       0.001954                 1.000000       1.000000       1.000000
card_board_credit               98786     0.0000       0.000000                 0.000000       0.000000       0.000000
event_scoring_margin            98786     0.2759       1.082684                 3.924054      11.000000      60.000000
card_board_leader               98786     0.0000       0.000000                 0.000000       0.000000       0.000000
hand_swap_extra                 98786     0.0000       0.000000                 0.000000       0.000000       0.000000
card_rate_credit                98786     0.0000       0.000000                 0.000000       0.000000       0.000000
unit_strength_credit            98786     0.0000       0.000000                 0.000000       0.000000       0.000000
unit_tech_credit                98786     0.0000       0.000000                 0.000000       0.000000       0.000000
tech_board_credit               98786     0.0000       0.000000                 0.000000       0.000000       0.000000
action_board_credit             98786     0.0000       0.000000                 0.000000       0.000000       0.000000
gov_board_credit                98786     0.0000       0.000000                 0.000000       0.000000       0.000000
wonder_board_credit             98786     0.0000       0.000000                 0.000000       0.000000       0.000000
build_fresh_credit              98786     0.0000       0.000000                 0.000000       0.000000       0.000000
restricted_resource_credit      98786     0.0000       0.000000                 0.000000       0.000000       0.000000
free_action_credit              98786     0.0000       0.000000                 0.000000       0.000000       0.000000
territory_credit                98786     0.0000       0.000000                 0.000000       0.000000       0.000000
bonus_card_credit               98786     0.0000       0.000000                 0.000000       0.000000       0.000000
tactic_board_credit             98786     0.0000       0.000000                 0.000000       0.000000       0.000000
aggression_board_credit         98786     0.0000       0.000000                 0.000000       0.000000       0.000000
war_board_credit                98786     0.0000       0.000000                 0.000000       0.000000       0.000000
pact_board_credit               98786     0.0000       0.000000                 0.000000       0.000000       0.000000
event_board_credit              98786     0.0000       0.000000                 0.000000       0.000000       0.000000
tactic_shortfall_cost           98786     0.0000       0.000000                 0.000000       0.000000       0.000000
tactic_reach_credit             98786     0.0000       0.000000                 0.000000       0.000000       0.000000
hand_civil                      98786     0.5857       0.773014                 1.319903       2.000000       4.000000
hand_value                      98786     0.5864       0.757719                 1.292179       2.815642       4.625698
hand_potential                  98786     0.6213      12.528819                20.165405      66.283739     182.820612
hand_military                   98786     0.6780       1.226820                 1.809440       4.000000       5.000000
hand_mil_value                  98786     0.7249       3.580902                 4.939648      15.000000      21.000000
hand_mil_potential              98786     0.8169     149.883865               183.488580     538.824837    1673.080733
hand_perishable                 98786     0.4963       0.242910                 0.489446       1.272329       3.766873
rival_culture                   98786     0.0272       0.419078                15.384244      50.000000      78.000000
rival_mean_culture              98786     0.0293       0.311792                10.639263      44.666667      68.666667
rival_culture_rate              98786     0.0068       0.005811                 0.849112       1.500000       2.500000
rival_science_rate              98786     0.0000       0.000000                 0.000000       0.000000       0.000000
rival_strength                  98786     0.0030       0.005239                 1.748311       2.000000       2.000000
end_turn_bias                   98786     0.6820       0.682040                 1.000000       1.000000       1.000000
culture_rate_trailing           98786     0.0000       0.000000                 0.000000       0.000000       0.000000
science_rate_trailing           98786     0.0000       0.000000                 0.000000       0.000000       0.000000
food_stock_needed               98786     0.0000       0.000000                 0.000000       0.000000       0.000000
resource_stock_needed           98786     0.0000       0.000000                 0.000000       0.000000       0.000000
science_needed                  98786     0.0000       0.000000                 0.000000       0.000000       0.000000
free_workers_needed             98786     0.0000       0.000000                 0.000000       0.000000       0.000000
workers_late                    98786     0.6809       0.462805                 0.679659       1.329609       8.000000
strength_rel_early              98786     0.6021       0.486747                 0.808430       2.044693       6.424581
strength_rel_late               98786     0.6359       0.716303                 1.126440       3.329609      20.000000
tech_levels_late                98786     0.3253       0.082073                 0.252308       1.441341       3.798883
hand_value_late                 98786     0.6284       1.499339                 2.385968       7.284916      12.927374
food_gap                        98786     0.3538       0.729753                 2.062703       4.000000       8.000000
food_surplus                    98786     0.2210       0.635243                 2.874494       7.000000      28.000000
resource_gap                    98786     0.3015       0.636504                 2.110981       4.000000      11.000000
resource_surplus                98786     0.4950       1.986319                 4.012935       9.000000      49.000000
science_gap                     98786     0.3964       1.877994                 4.737353      10.000000      12.000000
science_surplus                 98786     0.6129       3.044127                 4.966590      12.000000      39.000000
culture_gap                     98786     0.3608       2.122334                 5.881969      16.000000      49.000000
culture_surplus                 98786     0.1345       1.009932                 7.510326      19.000000      57.000000
happy_surplus                   98786     0.4300       0.648043                 1.507076       3.000000       6.000000
civil_action_gap                98786     0.5031       0.984087                 1.956174       4.000000       8.000000
civil_action_surplus            98786     0.5842       1.971423                 3.374556       6.000000      10.000000
take_cost_share                 98786     0.5736       0.297198                 0.518116       0.750000       1.200000
military_action_gap             98786     0.6540       1.152694                 1.762530       3.000000       7.000000
military_action_surplus         98786     0.2408       0.354278                 1.471418       3.000000       6.000000
worker_gap                      98786     0.5163       0.597048                 1.156448       2.000000       2.000000
worker_surplus                  98786     0.1676       0.186427                 1.112371       2.000000       2.000000
tech_redundancy_discount        98786     0.0000       0.000000                 0.000000       0.000000       0.000000
leader_replacement              98786     0.0925       0.092493                 1.000000       1.000000       1.000000
wonder_pool_rival_claimed       98786     0.0062       0.009607                 1.548124       3.000000       4.000000
hand_over_capacity              98786     0.4590       0.476727                 1.038594       1.000000       6.000000
happy_margin_after_next_pop     98786     0.1534       0.179600                 1.170935       2.000000       6.000000
resource_commitment_turns       98786     0.6731       2.844079                 4.225399      14.000000      48.583333
wonder_one_stage_short          98786     0.0666       0.066619                 1.000000       1.000000       1.000000
science_need_row                98786     0.2516       0.457385                 1.818093       4.000000      15.000000
row_playable_count              98786     0.6333       4.433088                 7.000224      13.000000      13.000000

================================================================================
TOTAL SPREAD QUANTILES -- max(dot(w,phi)) - min(dot(w,phi)) over the candidate
set, per decision, per player count
================================================================================
count     n_decisions         mean          p50          p95          max
2p              39865       84.311       70.243      243.182     1245.340
3p              68148      166.318      145.258      451.749     3731.663
4p              98786      181.117      168.865      411.391     1482.554

================================================================================
EVAL SHARE -- eval_share(k) = abs(champ_w(k)) * p95_spread_when_firing(k) /
p95_total_spread(count), sorted descending
================================================================================
key                           count   eval_share  fire_rate      champ_w  p95_spread_firing    p95_total
rival_mean_culture               2p       1.7653     0.0264      15.8998            27.0000      243.182
uprising                         2p       1.6874     0.0278     -20.5170            20.0000      243.182
event_scoring_margin             3p       1.0709     0.2272      34.5562            14.0000      451.749
attack_target_weakness           3p       0.9845     0.0919      29.6508            15.0000      451.749
culture_rate                     2p       0.7946     0.5734      53.3127             3.6244      243.182
attack_target_weakness           4p       0.7079     0.0751      20.8024            14.0000      411.391
rival_culture                    2p       0.6655     0.0264       5.9944            27.0000      243.182
strength                         3p       0.6641     0.5814      60.0000             5.0000      451.749
hand_mil_potential               4p       0.5628     0.8169       0.4297           538.8248      411.391
science_gap                      4p       0.5559     0.3964     -22.8700            10.0000      411.391
culture_rate                     4p       0.5443     0.6379      55.4615             4.0373      411.391
event_scoring_margin             4p       0.5408     0.2759      20.2248            11.0000      411.391
blue_free                        3p       0.5368     0.4745      34.6422             7.0000      451.749
strength                         4p       0.5023     0.5317      41.3246             5.0000      411.391
resource_stock                   3p       0.4601     0.4177      34.6422             6.0000      451.749
best_theater                     4p       0.4375     0.0063      60.0000             3.0000      411.391
strength                         2p       0.3758     0.6338      15.2298             6.0000      243.182
food_stock                       3p       0.3579     0.3093      40.4226             4.0000      451.749
attack_target_lead               3p       0.3474     0.0695       1.4947           105.0000      451.749
pact_partner_lead                3p       0.3258     0.0449      -1.1871           124.0000      451.749
culture_rate                     3p       0.3233     0.5054      54.3595             2.6868      451.749
attack_target_lead               4p       0.2962     0.0482       0.8551           142.5000      411.391
my_event_threat                  3p       0.2884     0.0767       0.6515           199.9661      451.749
best_library                     4p       0.2834     0.0061      38.8587             3.0000      411.391
wonder_progress                  3p       0.2809     0.0823      14.1013             9.0000      451.749
workers_late                     2p       0.2759     0.6731      51.5122             1.3026      243.182
best_farm                        4p       0.2755     0.0079      37.7806             3.0000      411.391
unit_workers                     4p       0.2682     0.4693     -55.1685             2.0000      411.391
attack_target_weakness           2p       0.2556     0.0788       4.7814            13.0000      243.182
rival_free_ca                    2p       0.2508     0.0001     -30.4945             2.0000      243.182
science_gap                      2p       0.2158     0.3154      -5.2488            10.0000      243.182
wonder_potential                 2p       0.2074     0.2042       1.2933            39.0018      243.182
wonder_potential                 3p       0.2032     0.1796       2.1491            42.7226      451.749
uprising                         3p       0.2002     0.0340      -5.3197            17.0000      451.749
workers_late                     4p       0.1939     0.6809      60.0000             1.3296      411.391
wonder_potential                 4p       0.1908     0.2246       3.0784            25.5018      411.391
ma_left                          3p       0.1899     0.5829      28.5976             3.0000      451.749
hand_potential                   3p       0.1888     0.5661       0.6643           128.3554      451.749
hand_potential                   4p       0.1805     0.6213       1.1202            66.2837      411.391
best_theater                     3p       0.1728     0.0050     -39.0375             2.0000      451.749
workers                          4p       0.1629     0.6352      52.6225             1.2737      411.391
special_techs                    4p       0.1458     0.0113      60.0000             1.0000      411.391
strength_rel_early               2p       0.1451     0.6328     -14.3010             2.4671      243.182
best_unit                        4p       0.1418     0.0019      19.4516             3.0000      411.391
attack_cost_doubled              3p       0.1328     0.0022      60.0000             1.0000      451.749
auction_bid                      2p       0.1303     0.0558      -3.3358             9.5000      243.182
best_mine                        3p       0.1301     0.0019      19.5980             3.0000      451.749
wonder_promise                   4p       0.1295     0.3534       2.1852            24.3772      411.391
colonies                         3p       0.1255     0.0091      56.6954             1.0000      451.749
wonder_promise                   2p       0.1215     0.3796       0.9215            32.0701      243.182
auction_bid                      4p       0.1183     0.0143       3.4770            14.0000      411.391
hand_civil                       4p       0.1148     0.5857     -23.6204             2.0000      411.391
leader                           2p       0.1065     0.0467      25.9028             1.0000      243.182
best_lab                         3p       0.0984     0.0042     -22.2258             2.0000      451.749
hand_potential                   2p       0.0962     0.6106       0.7437            31.4687      243.182
rival_resource_stock             2p       0.0946     0.0139       3.8335             6.0000      243.182
end_turn_bias                    4p       0.0930     0.6820     -38.2398             1.0000      411.391
strength_rel_early               3p       0.0902     0.5556     -16.8946             2.4118      451.749
colonize_bonus                   2p       0.0876     0.0007       5.3244             4.0000      243.182
tactic_level                     3p       0.0852     0.1944      19.2468             2.0000      451.749
wonder_promise                   3p       0.0849     0.3390       0.9835            39.0103      451.749
hand_mil_potential               3p       0.0846     0.7199      -0.0633           603.1395      451.749
war_immune                       4p       0.0821     0.0013      33.7552             1.0000      411.391
science                          3p       0.0801     0.2990      -6.0296             6.0000      451.749
ca_left                          3p       0.0788     0.5158      -7.1222             5.0000      451.749
yellow_bank                      3p       0.0787     0.2175     -17.7815             2.0000      451.749
strength_rel_early               4p       0.0783     0.6021      15.7441             2.0447      411.391
resource_rate                    3p       0.0722     0.5550       7.8257             4.1664      451.749
tactic_level                     4p       0.0714     0.2421     -14.6945             2.0000      411.391
wonder_stages_left               2p       0.0702     0.2575      -3.4148             5.0000      243.182
workers                          3p       0.0684     0.5363      22.2451             1.3882      451.749
rival_colonies                   2p       0.0660     0.0034      16.0614             1.0000      243.182
wonder_remaining                 3p       0.0628     0.2203      -1.7721            16.0000      451.749
rival_hand_potential             4p       0.0586     0.0987      11.3554             2.1227      411.391
rival_yellow_bank                2p       0.0581     0.0668      -7.0599             2.0000      243.182
workers_late                     3p       0.0577     0.5769      22.8533             1.1412      451.749
my_event_threat                  2p       0.0550     0.1000       0.5140            26.0000      243.182
pact_partner_lead                4p       0.0541     0.0222      -0.1325           168.0000      411.391
free_workers                     2p       0.0519     0.6594       6.3142             2.0000      243.182
prod_workers                     2p       0.0512     0.5224       6.2278             2.0000      243.182
best_unit                        3p       0.0509     0.0146      11.5030             2.0000      451.749
culture                          2p       0.0493     0.5092       1.0000            12.0000      243.182
resource_rate                    4p       0.0477     0.6815       4.5434             4.3229      411.391
row_bargain_forgone              3p       0.0448     0.4524       2.8880             7.0000      451.749
culture                          4p       0.0438     0.4614       1.0000            18.0000      411.391
free_workers                     4p       0.0431     0.6738      -8.8582             2.0000      411.391
has_colony                       2p       0.0424     0.0053      10.3002             1.0000      243.182
strength_deficit                 2p       0.0422     0.4049      -2.0513             5.0000      243.182
num_techs                        3p       0.0405     0.0399      18.3016             1.0000      451.749
colonies                         2p       0.0402     0.0085      -9.7787             1.0000      243.182
wonders                          3p       0.0401     0.0189      18.1246             1.0000      451.749
best_unit                        2p       0.0400     0.0238       4.8665             2.0000      243.182
colonies                         4p       0.0398     0.0052     -16.3580             1.0000      411.391
culture_surplus                  4p       0.0395     0.1345       0.8560            19.0000      411.391
take_cost_paid                   3p       0.0350     0.4143      -3.9479             4.0000      451.749
leader                           4p       0.0344     0.0471     -14.1362             1.0000      411.391
rival_culture_rate               4p       0.0318     0.0068      -8.7278             1.5000      411.391
end_turn_bias                    3p       0.0305     0.5623     -13.7911             1.0000      451.749
consumption_headroom             3p       0.0303     0.2153       4.5579             3.0000      451.749
best_theater                     2p       0.0293     0.0050       2.3710             3.0000      243.182
strength_rel                     3p       0.0270     0.5813       2.4432             5.0000      451.749
rival_science_stock              4p       0.0269     0.0174      -1.8416             6.0000      411.391
resource_surplus                 2p       0.0268     0.5316       1.0845             6.0000      243.182
rival_resource_stock             4p       0.0259     0.0123       1.5231             7.0000      411.391
rival_science_stock              2p       0.0244     0.0096       0.9875             6.0000      243.182
worker_surplus                   4p       0.0236     0.1676       4.8643             2.0000      411.391
hand_mil_value                   4p       0.0236     0.7249       0.6466            15.0000      411.391
culture_gap                      3p       0.0216     0.2344      -1.2176             8.0000      451.749
tech_levels_late                 2p       0.0210     0.3164       3.1557             1.6184      243.182
strength_rel_late                4p       0.0200     0.6359       2.4669             3.3296      411.391
culture                          3p       0.0199     0.3413       1.0000             9.0000      451.749
pact_blocks_attack               4p       0.0199     0.0225       8.1674             1.0000      411.391
civil_action_gap                 3p       0.0195     0.4915      -2.1992             4.0000      451.749
food_gap                         2p       0.0192     0.3180      -1.1666             4.0000      243.182
civil_action_surplus             4p       0.0186     0.5842       1.2780             6.0000      411.391
take_cost_share                  2p       0.0183     0.4752       5.1978             0.8571      243.182
strength_lead                    4p       0.0182     0.1485      -1.8691             4.0000      411.391
rival_mean_culture               4p       0.0180     0.0293       0.1658            44.6667      411.391
wonder_turns_to_finish           3p       0.0179     0.3296      -1.7934             4.5000      451.749
science                          4p       0.0172     0.4206      -0.7865             9.0000      411.391
rival_food_stock                 4p       0.0165     0.0147       0.8484             8.0000      411.391
science_gap                      3p       0.0162     0.3013      -0.8125             9.0000      451.749
wonder_overrun                   3p       0.0150     0.0230      -0.5199            13.0000      451.749
row_last_copy                    4p       0.0149     0.6292       1.2223             5.0000      411.391
rival_free_workers               4p       0.0147     0.0120       6.0615             1.0000      411.391
civil_action_gap                 2p       0.0146     0.6005      -0.8846             4.0000      243.182
culture_gap                      4p       0.0139     0.3608      -0.3571            16.0000      411.391
rival_culture                    4p       0.0136     0.0272      -0.1119            50.0000      411.391
hand_mil_value                   2p       0.0136     0.6410       0.2757            12.0000      243.182
worker_gap                       4p       0.0136     0.5163      -2.7973             2.0000      411.391
resource_gap                     4p       0.0124     0.3015      -1.2718             4.0000      411.391
food_stock                       2p       0.0122     0.3497       0.7428             4.0000      243.182
happy_margin                     4p       0.0120     0.3846      -1.6468             3.0000      411.391
ca_left                          4p       0.0118     0.6438       0.6963             7.0000      411.391
civil_actions                    2p       0.0109     0.0147       0.8845             3.0000      243.182
worker_gap                       2p       0.0108     0.4541      -1.3101             2.0000      243.182
event_scoring_margin             2p       0.0105     0.2499       0.2565            10.0000      243.182
military_actions                 4p       0.0104     0.0655       2.1446             2.0000      411.391
no_aggression                    4p       0.0103     0.0020      -4.2355             1.0000      411.391
rival_culture                    3p       0.0102     0.0222       0.1535            30.0000      451.749
best_lab                         2p       0.0100     0.0134      -1.2167             2.0000      243.182
resource_stock                   2p       0.0100     0.5529       0.4046             6.0000      243.182
resource_commitment_turns        2p       0.0099     0.6207      -0.1502            16.0000      243.182
blue_free                        2p       0.0098     0.5703       0.3389             7.0000      243.182
culture_surplus                  3p       0.0097     0.1328      -0.4386            10.0000      451.749
food_rate                        2p       0.0097     0.6047      -1.0516             2.2342      243.182
end_turn_bias                    2p       0.0097     0.6579      -2.3476             1.0000      243.182
wonder_overrun                   2p       0.0095     0.0193      -0.5351             4.3333      243.182
row_bargain_forgone              2p       0.0095     0.5894       0.2899             7.9519      243.182
strength_deficit                 4p       0.0094     0.4183      -0.9700             4.0000      411.391
military_actions                 2p       0.0093     0.0436       1.1288             2.0000      243.182
hand_perishable                  3p       0.0089     0.4222      -2.8415             1.4221      451.749
wonder_turns_to_finish           2p       0.0089     0.3622      -0.5414             4.0000      243.182
best_mine                        4p       0.0088     0.0033      -1.2100             3.0000      411.391
free_worker_wall                 2p       0.0087     0.5583      -0.1114            19.0000      243.182
science_surplus                  3p       0.0085     0.3354      -0.6435             6.0000      451.749
row_playable_count               2p       0.0084     0.5962       0.1579            13.0000      243.182
science                          2p       0.0084     0.3879      -0.2910             7.0000      243.182
blue_free                        4p       0.0083     0.5604      -0.3783             9.0000      411.391
colonize_bonus                   4p       0.0080     0.0072       0.8206             4.0000      411.391
best_farm                        3p       0.0080     0.0031      -1.1984             3.0000      451.749
hand_civil                       3p       0.0078     0.4297       1.7602             2.0000      451.749
hand_mil_value                   3p       0.0078     0.5506       0.2924            12.0000      451.749
wonder_stages_left               4p       0.0078     0.1808      -0.6385             5.0000      411.391
hand_military                    4p       0.0077     0.6780      -0.7925             4.0000      411.391
science_surplus                  2p       0.0077     0.4955      -0.2668             7.0000      243.182
tech_levels_late                 4p       0.0075     0.3253       2.1296             1.4413      411.391
uprising                         4p       0.0073     0.0371      -0.0732            41.0000      411.391
row_playable_count               3p       0.0072     0.4945       0.2725            12.0000      451.749
resource_gap                     3p       0.0071     0.2639      -1.0634             3.0000      451.749
strength_lead                    2p       0.0070     0.2761       0.3402             5.0000      243.182
tactic_gain                      3p       0.0069     0.2652       0.7836             4.0000      451.749
row_urgency                      4p       0.0069     0.6795      -0.1679            16.9166      411.391
best_temple                      3p       0.0066     0.0039       1.4872             2.0000      451.749
row_urgency                      2p       0.0065     0.6529       0.0502            31.4163      243.182
best_temple                      2p       0.0064     0.0404      -0.7801             2.0000      243.182
hand_military                    2p       0.0064     0.6220       0.3875             4.0000      243.182
food_rate                        4p       0.0063     0.6389       0.6461             4.0081      411.391
tech_levels                      4p       0.0059     0.3210       3.3145             0.7374      411.391
pacts                            3p       0.0057     0.0897      -1.7307             1.5000      451.749
strength_rel                     2p       0.0057     0.6339       0.2324             6.0000      243.182
strength_rel_late                2p       0.0057     0.6712      -0.3115             4.4408      243.182
unit_workers                     3p       0.0054     0.5301      -1.2298             2.0000      451.749
resource_surplus                 4p       0.0053     0.4950      -0.2432             9.0000      411.391
tactic_short                     2p       0.0051     0.4593      -0.6178             2.0000      243.182
num_techs                        4p       0.0050     0.0477       2.0749             1.0000      411.391
gov_level                        3p       0.0050     0.0120      -1.1228             2.0000      451.749
discontent                       3p       0.0048     0.1218      -1.0816             2.0000      451.749
rival_yellow_bank                3p       0.0046     0.0255       0.6985             3.0000      451.749
free_workers                     3p       0.0046     0.5599       1.0323             2.0000      451.749
wonder_turns_to_finish           4p       0.0044     0.3228      -0.6052             3.0000      411.391
rival_mil_actions                4p       0.0044     0.0154       1.7984             1.0000      411.391
food_surplus                     4p       0.0042     0.2210       0.2492             7.0000      411.391
row_bargain_forgone              4p       0.0042     0.6675       0.6811             2.5316      411.391
best_arena                       3p       0.0041     0.0030      -0.6231             3.0000      451.749
tactic_gain                      4p       0.0041     0.2121       0.8343             2.0000      411.391
rival_yellow_bank                4p       0.0040     0.0166       0.8186             2.0000      411.391
ma_left                          4p       0.0039     0.6153      -0.5409             3.0000      411.391
rival_resource_stock             3p       0.0039     0.0157       0.2950             6.0000      451.749
pact_blocks_attack               3p       0.0039     0.0269      -1.7689             1.0000      451.749
my_seeded_pending                3p       0.0039     0.0921       0.5852             3.0000      451.749
wonder_progress                  2p       0.0037     0.0938      -0.1130             8.0000      243.182
rival_strength                   4p       0.0037     0.0030      -0.7516             2.0000      411.391
yellow_bank                      2p       0.0036     0.2083      -0.4431             2.0000      243.182
hand_mil_potential               2p       0.0036     0.7698      -0.0049           178.1836      243.182
hand_value                       4p       0.0036     0.5864       0.5277             2.8156      411.391
resource_gap                     2p       0.0036     0.3041      -0.2184             4.0000      243.182
food_surplus                     3p       0.0036     0.1767       0.3211             5.0000      451.749
hand_value_late                  3p       0.0036     0.4887       0.2288             7.0118      451.749
resource_rate                    2p       0.0034     0.6394       0.2144             3.8964      243.182
auction_committed                3p       0.0034     0.0710      -1.5413             1.0000      451.749
worker_gap                       3p       0.0033     0.4010      -0.7514             2.0000      451.749
science_rate                     2p       0.0033     0.4349       0.3899             2.0454      243.182
happy_margin                     2p       0.0032     0.3899       0.3894             2.0000      243.182
rival_hand_potential             2p       0.0032     0.1290      -0.1606             4.8381      243.182
rival_hand_civil                 4p       0.0032     0.0036       0.4343             3.0000      411.391
rival_hand_potential             3p       0.0031     0.2077       0.1258            11.2790      451.749
best_lab                         4p       0.0031     0.0018      -0.4299             3.0000      411.391
consumption_headroom             4p       0.0031     0.2383      -0.4215             3.0000      411.391
best_farm                        2p       0.0030     0.0042       0.2467             3.0000      243.182
wonder_pool_rival_claimed        3p       0.0030     0.0032      -0.6800             2.0000      451.749
rival_hand_civil                 2p       0.0028     0.0148      -0.2234             3.0000      243.182
wonder_remaining                 4p       0.0026     0.1808      -0.0679            16.0000      411.391
tech_levels                      2p       0.0026     0.3125      -0.8709             0.7237      243.182
best_arena                       2p       0.0025     0.0032       0.2054             3.0000      243.182
rival_mean_culture               3p       0.0024     0.0258      -0.0397            27.0000      451.749
civil_actions                    3p       0.0023     0.0143       0.5290             2.0000      451.749
row_last_copy                    3p       0.0023     0.4779       0.1452             7.0238      451.749
auction_committed                2p       0.0022     0.0558       0.5405             1.0000      243.182
discontent                       4p       0.0021     0.0989      -0.4395             2.0000      411.391
culture_surplus                  2p       0.0021     0.2805      -0.0391            13.0000      243.182
build_discount                   4p       0.0020     0.0050       0.1635             5.0000      411.391
best_library                     2p       0.0020     0.0041       0.1596             3.0000      243.182
rival_building_wonder            4p       0.0019     0.0017       0.3938             2.0000      411.391
rival_building_wonder            2p       0.0019     0.0006      -0.4524             1.0000      243.182
science_need_row                 2p       0.0018     0.2953      -0.0875             5.0000      243.182
tactic_gain                      2p       0.0018     0.2571       0.1457             3.0000      243.182
auction_bid                      3p       0.0018     0.0710      -0.0791            10.0000      451.749
rival_free_ca                    4p       0.0017     0.0001      -0.2392             3.0000      411.391
rival_colonies                   4p       0.0017     0.0008      -0.7039             1.0000      411.391
urban_limit                      3p       0.0017     0.0109       0.7487             1.0000      451.749
science_surplus                  4p       0.0016     0.6129       0.0541            12.0000      411.391
happy_surplus                    3p       0.0016     0.3339       0.2355             3.0000      451.749
culture_gap                      2p       0.0015     0.2790      -0.0376            10.0000      243.182
has_unit                         2p       0.0015     0.1716      -0.3634             1.0000      243.182
rival_colonies                   3p       0.0015     0.0028      -0.6723             1.0000      451.749
corruption_headroom              2p       0.0014     0.5335      -0.0869             4.0000      243.182
urban_limit                      4p       0.0014     0.0144       0.5860             1.0000      411.391
civil_action_surplus             2p       0.0014     0.4742       0.0856             4.0000      243.182
food_gap                         3p       0.0014     0.2504      -0.1584             4.0000      451.749
build_discount                   2p       0.0014     0.0024       0.0563             6.0000      243.182
wonder_age_overrun               4p       0.0014     0.0322      -0.1443             3.9400      411.391
resource_commitment_turns        3p       0.0013     0.5543      -0.0381            16.0000      451.749
hand_value_late                  2p       0.0013     0.6014       0.0434             7.5263      243.182
rival_building_wonder            3p       0.0013     0.0023      -0.5977             1.0000      451.749
resource_surplus                 3p       0.0013     0.3823      -0.0994             6.0000      451.749
wonder_in_progress               2p       0.0013     0.1875       0.3166             1.0000      243.182
hand_perishable                  2p       0.0013     0.5330      -0.2143             1.4625      243.182
hand_over_capacity               4p       0.0013     0.4590      -0.5252             1.0000      411.391
worker_surplus                   2p       0.0012     0.2610      -0.1434             2.0000      243.182
wonder_remaining                 2p       0.0012     0.2575      -0.0179            16.0000      243.182
science_rate                     3p       0.0012     0.4375       0.2157             2.4605      451.749
urban_limit                      2p       0.0011     0.0108       0.1395             2.0000      243.182
take_cost_paid                   2p       0.0011     0.4745      -0.0689             4.0000      243.182
hand_value                       2p       0.0011     0.5660       0.0954             2.7895      243.182
has_colony                       4p       0.0011     0.0040       0.4490             1.0000      411.391
workers                          2p       0.0011     0.6309       0.1782             1.4605      243.182
hand_over_capacity               3p       0.0011     0.3553      -0.2415             2.0000      451.749
wonder_stages_per_action         2p       0.0011     0.0024       0.0865             3.0000      243.182
rival_food_stock                 3p       0.0010     0.0150      -0.0787             6.0000      451.749
rival_culture_deficit            2p       0.0010     0.2825      -0.0819             3.0000      243.182
civil_actions                    4p       0.0010     0.0222       0.1364             3.0000      411.391
hand_military                    3p       0.0010     0.5234      -0.1495             3.0000      451.749
gov_level                        2p       0.0010     0.0111       0.0800             3.0000      243.182
prod_workers                     4p       0.0009     0.5853      -0.1942             2.0000      411.391
military_action_surplus          3p       0.0009     0.1733       0.1417             3.0000      451.749
wonder_age_overrun               3p       0.0009     0.0351      -0.0351            11.9632      451.749
leader                           3p       0.0009     0.0560       0.4069             1.0000      451.749
hand_value_late                  4p       0.0009     0.6284       0.0487             7.2849      411.391
rival_mil_actions                2p       0.0008     0.0045       0.1032             2.0000      243.182
my_seeded_pending                2p       0.0008     0.0796       0.0687             3.0000      243.182
tactic_short                     4p       0.0008     0.4201      -0.1726             2.0000      411.391
yellow_bank                      4p       0.0008     0.2434       0.2266             1.5000      411.391
wonder_stages_per_action         4p       0.0008     0.0050       0.1690             2.0000      411.391
special_techs                    3p       0.0008     0.0048      -0.3696             1.0000      451.749
wonder_pool_rival_claimed        4p       0.0008     0.0062       0.1088             3.0000      411.391
resource_stock                   4p       0.0008     0.5202      -0.0318            10.0000      411.391
row_last_copy                    2p       0.0008     0.6019       0.0207             9.0333      243.182
best_arena                       4p       0.0008     0.0035       0.1048             3.0000      411.391
build_discount                   3p       0.0007     0.0022       0.0656             5.0000      451.749
take_cost_paid                   4p       0.0007     0.5735       0.0745             4.0000      411.391
free_worker_wall                 3p       0.0007     0.4547      -0.0148            22.0000      451.749
strength_rel_late                3p       0.0007     0.5972      -0.0735             4.1176      451.749
unit_workers                     2p       0.0007     0.5990      -0.0812             2.0000      243.182
tactic_short                     3p       0.0006     0.4404      -0.1406             2.0000      451.749
military_action_gap              3p       0.0006     0.6381      -0.0873             3.0000      451.749
military_action_surplus          2p       0.0006     0.2867       0.0463             3.0000      243.182
pacts                            4p       0.0006     0.0792      -0.1536             1.5000      411.391
has_unit                         3p       0.0006     0.1586       0.2507             1.0000      451.749
my_seeded_pending                4p       0.0006     0.0912      -0.0757             3.0000      411.391
has_colony                       3p       0.0005     0.0065       0.2484             1.0000      451.749
tech_levels                      3p       0.0005     0.2039      -0.3421             0.7235      451.749
wonder_pool_rival_claimed        2p       0.0005     0.0104      -0.1325             1.0000      243.182
hand_limit                       4p       0.0005     0.0026       0.1118             2.0000      411.391
pop_cost                         2p       0.0005     0.0674      -0.1283             1.0000      243.182
food_stock                       4p       0.0005     0.4088       0.0271             8.0000      411.391
science_need_row                 4p       0.0005     0.2516      -0.0531             4.0000      411.391
hand_civil                       2p       0.0005     0.5237      -0.0608             2.0000      243.182
strength_lead                    3p       0.0005     0.1800      -0.0558             4.0000      451.749
leader_replacement               4p       0.0005     0.0925       0.1992             1.0000      411.391
war_immune                       3p       0.0005     0.0024       0.2089             1.0000      451.749
attack_cost_doubled              2p       0.0005     0.0027       0.1103             1.0000      243.182
rival_free_workers               3p       0.0004     0.0105       0.2028             1.0000      451.749
happy_surplus                    4p       0.0004     0.4300       0.0607             3.0000      411.391
rival_culture_deficit            3p       0.0004     0.3322       0.1000             2.0000      451.749
attack_cost_doubled              4p       0.0004     0.0020       0.1791             1.0000      411.391
wonder_one_stage_short           3p       0.0004     0.0420      -0.1952             1.0000      451.749
rival_food_stock                 2p       0.0004     0.0149      -0.0207             5.0000      243.182
rival_mil_actions                3p       0.0004     0.0087       0.0949             2.0000      451.749
military_action_surplus          4p       0.0004     0.2408       0.0575             3.0000      411.391
urban_workers                    2p       0.0004     0.5237      -0.0498             2.0000      243.182
wonder_overrun                   4p       0.0004     0.0262      -0.0451             3.6667      411.391
hand_value                       3p       0.0004     0.4574       0.0618             2.8588      451.749
food_surplus                     2p       0.0004     0.1471       0.0237             4.0000      243.182
ca_left                          2p       0.0004     0.6164      -0.0189             5.0000      243.182
food_rate                        3p       0.0004     0.4918      -0.0657             2.6643      451.749
rival_free_workers               2p       0.0004     0.0107       0.0862             1.0000      243.182
leader_replacement               2p       0.0003     0.0784      -0.0832             1.0000      243.182
science_rate                     4p       0.0003     0.5837      -0.0621             2.2627      411.391
civil_action_surplus             3p       0.0003     0.3678       0.0378             4.0000      451.749
prod_workers                     3p       0.0003     0.4500      -0.0744             2.0000      451.749
row_urgency                      3p       0.0003     0.4951       0.0048            30.5279      451.749
wonder_progress                  4p       0.0003     0.1184      -0.0129            10.0000      411.391
best_mine                        2p       0.0003     0.0076      -0.0366             2.0000      243.182
pop_cost                         3p       0.0003     0.0480      -0.1329             1.0000      451.749
special_techs                    2p       0.0003     0.0053       0.0677             1.0000      243.182
rival_science_stock              3p       0.0003     0.0140      -0.0206             6.0000      451.749
rival_strength                   3p       0.0003     0.0041      -0.0619             2.0000      451.749
wonder_one_stage_short           2p       0.0003     0.0572      -0.0629             1.0000      243.182
happy_surplus                    2p       0.0002     0.4144       0.0182             3.0000      243.182
civil_action_gap                 4p       0.0002     0.5031      -0.0231             4.0000      411.391
auction_committed                4p       0.0002     0.0143      -0.0868             1.0000      411.391
urban_workers                    4p       0.0002     0.5864       0.0429             2.0000      411.391
wonder_one_stage_short           4p       0.0002     0.0666      -0.0842             1.0000      411.391
wonder_stages_per_action         3p       0.0002     0.0022       0.0437             2.0000      451.749
has_unit                         4p       0.0002     0.2217       0.0784             1.0000      411.391
leader_replacement               3p       0.0002     0.0880      -0.0852             1.0000      451.749
gov_level                        4p       0.0002     0.0169      -0.0365             2.0000      411.391
strength_rel                     4p       0.0002     0.5316      -0.0143             5.0000      411.391
best_temple                      4p       0.0002     0.0067      -0.0332             2.0000      411.391
happy_margin_after_next_pop      2p       0.0002     0.1605      -0.0183             2.0000      243.182
my_event_threat                  4p       0.0001     0.0772      -0.0035            17.7163      411.391
num_techs                        2p       0.0001     0.0925      -0.0356             1.0000      243.182
consumption_headroom             2p       0.0001     0.2074       0.0118             3.0000      243.182
famine_deficit                   2p       0.0001     0.1363      -0.0171             2.0000      243.182
colonize_bonus                   3p       0.0001     0.0047       0.0203             3.0000      451.749
discontent                       2p       0.0001     0.0996      -0.0158             2.0000      243.182
hand_limit                       3p       0.0001     0.0002       0.0266             2.0000      451.749
tech_levels_late                 3p       0.0001     0.2052      -0.0361             1.4235      451.749
wonder_in_progress               3p       0.0001     0.1581       0.0497             1.0000      451.749
wonder_stages_left               3p       0.0001     0.2203      -0.0090             5.0000      451.749
tactic_level                     2p       0.0001     0.1371      -0.0115             2.0000      243.182
wonder_age_overrun               2p       0.0001     0.0257      -0.0057             4.0000      243.182
rival_free_ca                    3p       0.0001     0.0001      -0.0207             2.0000      451.749
rival_wonder_deficit             3p       0.0001     0.0097      -0.0407             1.0000      451.749
ma_left                          2p       0.0001     0.6827       0.0066             3.0000      243.182
rival_science_deficit            2p       0.0001     0.2269       0.0167             1.0000      243.182
no_aggression                    3p       0.0001     0.0022      -0.0304             1.0000      451.749
take_cost_share                  4p       0.0001     0.5736       0.0356             0.7500      411.391
wonder_in_progress               4p       0.0001     0.0935      -0.0258             1.0000      411.391
corruption_headroom              3p       0.0001     0.4350      -0.0070             4.0000      451.749
take_cost_share                  3p       0.0001     0.4147       0.0298             0.8000      451.749
urban_workers                    3p       0.0000     0.4489       0.0107             2.0000      451.749
military_actions                 3p       0.0000     0.0475       0.0098             2.0000      451.749
best_library                     3p       0.0000     0.0026      -0.0092             2.0000      451.749
happy_margin_after_next_pop      3p       0.0000     0.1765      -0.0079             2.0000      451.749
happy_margin                     3p       0.0000     0.3787       0.0077             2.0000      451.749
rival_wonder_deficit             2p       0.0000     0.0100       0.0064             1.0000      243.182
pop_cost                         4p       0.0000     0.0706      -0.0049             2.0000      411.391
science_need_row                 3p       0.0000     0.3140      -0.0024             4.0000      451.749
rival_culture_rate               3p       0.0000     0.0124      -0.0074             1.0000      451.749
rival_hand_civil                 3p       0.0000     0.0049       0.0019             3.0000      451.749
hand_over_capacity               2p       0.0000     0.3641      -0.0025             1.0000      243.182
rival_science_deficit            3p       0.0000     0.3352      -0.0042             1.0000      451.749
worker_surplus                   3p       0.0000     0.1868      -0.0019             2.0000      451.749
corruption_headroom              4p       0.0000     0.5037      -0.0009             4.0000      411.391
food_gap                         4p       0.0000     0.3538      -0.0004             4.0000      411.391
rate_horizon                     2p       0.0000     0.0000      -0.3179             0.0000      243.182
rival_desire                     2p       0.0000     0.0000      -0.2030             0.0000      243.182
rival_take_share                 2p       0.0000     0.0000       0.0481             0.0000      243.182
rival_wonders                    2p       0.0000     0.0000      -1.4813             0.0000      243.182
attack_target_lead               2p       0.0000     0.0000      -0.8588             0.0000      243.182
pact_partner_lead                2p       0.0000     0.0000      -0.1469             0.0000      243.182
pacts                            2p       0.0000     0.0000       0.0419             0.0000      243.182
pact_blocks_attack               2p       0.0000     0.0000       0.1241             0.0000      243.182
war_immune                       2p       0.0000     0.0000       0.0675             0.0000      243.182
wonders                          2p       0.0000     0.0232       0.0000             1.0000      243.182
hand_limit                       2p       0.0000     0.0001       0.0000             2.0000      243.182
resource_discount                2p       0.0000     0.0000       1.5681             0.0000      243.182
defense_bonus                    2p       0.0000     0.0000       0.0719             0.0000      243.182
gov_action_cost                  2p       0.0000     0.0000       0.2504             0.0000      243.182
no_aggression                    2p       0.0000     0.0027       0.0000             1.0000      243.182
card_board_credit                2p       0.0000     0.0000       0.3262             0.0000      243.182
card_board_leader                2p       0.0000     0.0000      -0.2398             0.0000      243.182
hand_swap_extra                  2p       0.0000     0.0000      -2.4076             0.0000      243.182
card_rate_credit                 2p       0.0000     0.0000       0.3441             0.0000      243.182
unit_strength_credit             2p       0.0000     0.0000       0.0599             0.0000      243.182
unit_tech_credit                 2p       0.0000     0.0000       0.1139             0.0000      243.182
tech_board_credit                2p       0.0000     0.0000       0.0302             0.0000      243.182
action_board_credit              2p       0.0000     0.0000       1.2289             0.0000      243.182
gov_board_credit                 2p       0.0000     0.0000       0.0000             0.0000      243.182
wonder_board_credit              2p       0.0000     0.0000       0.0000             0.0000      243.182
build_fresh_credit               2p       0.0000     0.0000       0.2506             0.0000      243.182
restricted_resource_credit       2p       0.0000     0.0000       0.0000             0.0000      243.182
free_action_credit               2p       0.0000     0.0000       0.0735             0.0000      243.182
territory_credit                 2p       0.0000     0.0000       0.5698             0.0000      243.182
bonus_card_credit                2p       0.0000     0.0000      -0.3731             0.0000      243.182
tactic_board_credit              2p       0.0000     0.0000       0.1949             0.0000      243.182
aggression_board_credit          2p       0.0000     0.0000       1.8717             0.0000      243.182
war_board_credit                 2p       0.0000     0.0000       1.8480             0.0000      243.182
pact_board_credit                2p       0.0000     0.0000       0.6094             0.0000      243.182
event_board_credit               2p       0.0000     0.0000       0.4189             0.0000      243.182
tactic_shortfall_cost            2p       0.0000     0.0000       0.2525             0.0000      243.182
tactic_reach_credit              2p       0.0000     0.0000       0.0339             0.0000      243.182
rival_culture_rate               2p       0.0000     0.0000       5.2281             0.0000      243.182
rival_science_rate               2p       0.0000     0.0000      -0.0470             0.0000      243.182
rival_strength                   2p       0.0000     0.0000       0.3084             0.0000      243.182
culture_rate_trailing            2p       0.0000     0.0000      -0.5120             0.0000      243.182
science_rate_trailing            2p       0.0000     0.0000      46.9884             0.0000      243.182
food_stock_needed                2p       0.0000     0.0000      -0.0023             0.0000      243.182
resource_stock_needed            2p       0.0000     0.0000      -0.0017             0.0000      243.182
science_needed                   2p       0.0000     0.0000      -0.1008             0.0000      243.182
free_workers_needed              2p       0.0000     0.0000       0.2803             0.0000      243.182
military_action_gap              2p       0.0000     0.6490       0.0000             3.0000      243.182
tech_redundancy_discount         2p       0.0000     0.0000       0.3425             0.0000      243.182
rate_horizon                     3p       0.0000     0.0000       0.5018             0.0000      451.749
famine_deficit                   3p       0.0000     0.1116       0.0000             2.0000      451.749
rival_desire                     3p       0.0000     0.0000      11.7069             0.0000      451.749
rival_take_share                 3p       0.0000     0.0000      -0.0151             0.0000      451.749
rival_wonders                    3p       0.0000     0.0000      -0.0465             0.0000      451.749
strength_deficit                 3p       0.0000     0.4482       0.0000             5.0000      451.749
resource_discount                3p       0.0000     0.0000       0.4404             0.0000      451.749
defense_bonus                    3p       0.0000     0.0000       0.2696             0.0000      451.749
gov_action_cost                  3p       0.0000     0.0000      -4.6661             0.0000      451.749
card_board_credit                3p       0.0000     0.0000       0.2639             0.0000      451.749
card_board_leader                3p       0.0000     0.0000      -0.0536             0.0000      451.749
hand_swap_extra                  3p       0.0000     0.0000       0.1593             0.0000      451.749
card_rate_credit                 3p       0.0000     0.0000     -17.4456             0.0000      451.749
unit_strength_credit             3p       0.0000     0.0000       0.0042             0.0000      451.749
unit_tech_credit                 3p       0.0000     0.0000       0.8307             0.0000      451.749
tech_board_credit                3p       0.0000     0.0000       0.0247             0.0000      451.749
action_board_credit              3p       0.0000     0.0000       0.1144             0.0000      451.749
gov_board_credit                 3p       0.0000     0.0000       0.4766             0.0000      451.749
wonder_board_credit              3p       0.0000     0.0000       0.0116             0.0000      451.749
build_fresh_credit               3p       0.0000     0.0000       0.0920             0.0000      451.749
restricted_resource_credit       3p       0.0000     0.0000       0.1337             0.0000      451.749
free_action_credit               3p       0.0000     0.0000       0.0000             0.0000      451.749
territory_credit                 3p       0.0000     0.0000       0.1552             0.0000      451.749
bonus_card_credit                3p       0.0000     0.0000       0.8540             0.0000      451.749
tactic_board_credit              3p       0.0000     0.0000       0.0712             0.0000      451.749
aggression_board_credit          3p       0.0000     0.0000       0.1705             0.0000      451.749
war_board_credit                 3p       0.0000     0.0000       0.0385             0.0000      451.749
pact_board_credit                3p       0.0000     0.0000       0.0543             0.0000      451.749
event_board_credit               3p       0.0000     0.0000       0.0477             0.0000      451.749
tactic_shortfall_cost            3p       0.0000     0.0000       0.1407             0.0000      451.749
tactic_reach_credit              3p       0.0000     0.0000       0.1549             0.0000      451.749
rival_science_rate               3p       0.0000     0.0000      -0.0442             0.0000      451.749
culture_rate_trailing            3p       0.0000     0.0000      -0.1266             0.0000      451.749
science_rate_trailing            3p       0.0000     0.0000       0.0266             0.0000      451.749
food_stock_needed                3p       0.0000     0.0000      -0.1359             0.0000      451.749
resource_stock_needed            3p       0.0000     0.0000      -0.1057             0.0000      451.749
science_needed                   3p       0.0000     0.0000      -0.8337             0.0000      451.749
free_workers_needed              3p       0.0000     0.0000      -0.3502             0.0000      451.749
tech_redundancy_discount         3p       0.0000     0.0000       5.8764             0.0000      451.749
rate_horizon                     4p       0.0000     0.0000       0.1672             0.0000      411.391
famine_deficit                   4p       0.0000     0.1143       0.0000             2.0000      411.391
free_worker_wall                 4p       0.0000     0.5367       0.0000            16.0000      411.391
rival_desire                     4p       0.0000     0.0000       9.4111             0.0000      411.391
rival_take_share                 4p       0.0000     0.0000       1.5391             0.0000      411.391
rival_wonders                    4p       0.0000     0.0000      -5.7184             0.0000      411.391
rival_wonder_deficit             4p       0.0000     0.0210       0.0000             1.0000      411.391
rival_science_deficit            4p       0.0000     0.4250       0.0000             2.0000      411.391
rival_culture_deficit            4p       0.0000     0.4975       0.0000             4.0000      411.391
wonders                          4p       0.0000     0.0307       0.0000             1.0000      411.391
resource_discount                4p       0.0000     0.0000       1.9691             0.0000      411.391
defense_bonus                    4p       0.0000     0.0000       0.2071             0.0000      411.391
gov_action_cost                  4p       0.0000     0.0000       0.2749             0.0000      411.391
card_board_credit                4p       0.0000     0.0000       0.2984             0.0000      411.391
card_board_leader                4p       0.0000     0.0000      -0.1120             0.0000      411.391
hand_swap_extra                  4p       0.0000     0.0000       0.0684             0.0000      411.391
card_rate_credit                 4p       0.0000     0.0000      -0.5723             0.0000      411.391
unit_strength_credit             4p       0.0000     0.0000       0.0044             0.0000      411.391
unit_tech_credit                 4p       0.0000     0.0000       0.0045             0.0000      411.391
tech_board_credit                4p       0.0000     0.0000       0.0841             0.0000      411.391
action_board_credit              4p       0.0000     0.0000       0.0427             0.0000      411.391
gov_board_credit                 4p       0.0000     0.0000       0.0000             0.0000      411.391
wonder_board_credit              4p       0.0000     0.0000       0.1674             0.0000      411.391
build_fresh_credit               4p       0.0000     0.0000       0.0265             0.0000      411.391
restricted_resource_credit       4p       0.0000     0.0000       0.0000             0.0000      411.391
free_action_credit               4p       0.0000     0.0000       0.0000             0.0000      411.391
territory_credit                 4p       0.0000     0.0000       0.0000             0.0000      411.391
bonus_card_credit                4p       0.0000     0.0000      -0.5476             0.0000      411.391
tactic_board_credit              4p       0.0000     0.0000       0.0940             0.0000      411.391
aggression_board_credit          4p       0.0000     0.0000       0.1104             0.0000      411.391
war_board_credit                 4p       0.0000     0.0000       0.7861             0.0000      411.391
pact_board_credit                4p       0.0000     0.0000       0.0000             0.0000      411.391
event_board_credit               4p       0.0000     0.0000       0.0063             0.0000      411.391
tactic_shortfall_cost            4p       0.0000     0.0000       0.0547             0.0000      411.391
tactic_reach_credit              4p       0.0000     0.0000       0.4980             0.0000      411.391
hand_perishable                  4p       0.0000     0.4963       0.0000             1.2723      411.391
rival_science_rate               4p       0.0000     0.0000      13.8495             0.0000      411.391
culture_rate_trailing            4p       0.0000     0.0000      -0.0238             0.0000      411.391
science_rate_trailing            4p       0.0000     0.0000      -0.4374             0.0000      411.391
food_stock_needed                4p       0.0000     0.0000      -0.0108             0.0000      411.391
resource_stock_needed            4p       0.0000     0.0000       0.0855             0.0000      411.391
science_needed                   4p       0.0000     0.0000      -0.0215             0.0000      411.391
free_workers_needed              4p       0.0000     0.0000      -0.0709             0.0000      411.391
military_action_gap              4p       0.0000     0.6540       0.0000             3.0000      411.391
tech_redundancy_discount         4p       0.0000     0.0000       1.9218             0.0000      411.391
happy_margin_after_next_pop      4p       0.0000     0.1534       0.0000             2.0000      411.391
resource_commitment_turns        4p       0.0000     0.6731       0.0000            14.0000      411.391
row_playable_count               4p       0.0000     0.6333       0.0000            13.0000      411.391

Keys (key, player-count) pairs with eval_share > 1.0: 3
  1.7653  rival_mean_culture               2p       1.7653     0.0264      15.8998            27.0000      243.182
  1.6874  uprising                         2p       1.6874     0.0278     -20.5170            20.0000      243.182
  1.0709  event_scoring_margin             3p       1.0709     0.2272      34.5562            14.0000      451.749

================================================================================
RUST TABLE -- paste as the body of WeightKey::p95_candidate_spread
================================================================================
// 2p: decisions 39865 p95_total_spread 243.182305
// 3p: decisions 68148 p95_total_spread 451.748623
// 4p: decisions 98786 p95_total_spread 411.391082
const P95_TOTAL_SPREAD: [f64; 3] = [243.182305, 451.748623, 411.391082];
match self {
    WeightKey::RateHorizon => [0.000000, 0.000000, 0.000000],
    WeightKey::Culture => [12.000000, 9.000000, 18.000000],
    WeightKey::CultureRate => [3.624443, 2.686781, 4.037280],
    WeightKey::Science => [7.000000, 6.000000, 9.000000],
    WeightKey::ScienceRate => [2.045404, 2.460540, 2.262720],
    WeightKey::FoodRate => [2.234247, 2.664297, 4.008081],
    WeightKey::ResourceRate => [3.896403, 4.166425, 4.322891],
    WeightKey::FoodStock => [4.000000, 4.000000, 8.000000],
    WeightKey::FamineDeficit => [2.000000, 2.000000, 2.000000],
    WeightKey::ResourceStock => [6.000000, 6.000000, 10.000000],
    WeightKey::BlueFree => [7.000000, 7.000000, 9.000000],
    WeightKey::CorruptionHeadroom => [4.000000, 4.000000, 4.000000],
    WeightKey::ConsumptionHeadroom => [3.000000, 3.000000, 3.000000],
    WeightKey::PopCost => [1.000000, 1.000000, 2.000000],
    WeightKey::YellowBank => [2.000000, 2.000000, 1.500000],
    WeightKey::FreeWorkers => [2.000000, 2.000000, 2.000000],
    WeightKey::FreeWorkerWall => [19.000000, 22.000000, 16.000000],
    WeightKey::Workers => [1.460526, 1.388235, 1.273743],
    WeightKey::ProdWorkers => [2.000000, 2.000000, 2.000000],
    WeightKey::UrbanWorkers => [2.000000, 2.000000, 2.000000],
    WeightKey::UnitWorkers => [2.000000, 2.000000, 2.000000],
    WeightKey::HappyMargin => [2.000000, 2.000000, 3.000000],
    WeightKey::Discontent => [2.000000, 2.000000, 2.000000],
    WeightKey::Uprising => [20.000000, 17.000000, 41.000000],
    WeightKey::CivilActions => [3.000000, 2.000000, 3.000000],
    WeightKey::MilitaryActions => [2.000000, 2.000000, 2.000000],
    WeightKey::CaLeft => [5.000000, 5.000000, 7.000000],
    WeightKey::MaLeft => [3.000000, 3.000000, 3.000000],
    WeightKey::TakeCostPaid => [4.000000, 4.000000, 4.000000],
    WeightKey::RowUrgency => [31.416324, 30.527894, 16.916593],
    WeightKey::RowBargainForgone => [7.951906, 7.000000, 2.531578],
    WeightKey::RowLastCopy => [9.033333, 7.023810, 5.000000],
    WeightKey::RivalDesire => [0.000000, 0.000000, 0.000000],
    WeightKey::RivalTakeShare => [0.000000, 0.000000, 0.000000],
    WeightKey::RivalFreeCa => [2.000000, 2.000000, 3.000000],
    WeightKey::RivalHandCivil => [3.000000, 3.000000, 3.000000],
    WeightKey::RivalWonders => [0.000000, 0.000000, 0.000000],
    WeightKey::RivalWonderDeficit => [1.000000, 1.000000, 1.000000],
    WeightKey::RivalScienceDeficit => [1.000000, 1.000000, 2.000000],
    WeightKey::RivalCultureDeficit => [3.000000, 2.000000, 4.000000],
    WeightKey::RivalHandPotential => [4.838118, 11.279001, 2.122684],
    WeightKey::RivalScienceStock => [6.000000, 6.000000, 6.000000],
    WeightKey::RivalFoodStock => [5.000000, 6.000000, 8.000000],
    WeightKey::RivalResourceStock => [6.000000, 6.000000, 7.000000],
    WeightKey::RivalFreeWorkers => [1.000000, 1.000000, 1.000000],
    WeightKey::RivalYellowBank => [2.000000, 3.000000, 2.000000],
    WeightKey::RivalColonies => [1.000000, 1.000000, 1.000000],
    WeightKey::RivalMilActions => [2.000000, 2.000000, 1.000000],
    WeightKey::RivalBuildingWonder => [1.000000, 1.000000, 2.000000],
    WeightKey::MySeededPending => [3.000000, 3.000000, 3.000000],
    WeightKey::MyEventThreat => [26.000000, 199.966076, 17.716304],
    WeightKey::AttackTargetLead => [0.000000, 105.000000, 142.500000],
    WeightKey::AttackTargetWeakness => [13.000000, 15.000000, 14.000000],
    WeightKey::PactPartnerLead => [0.000000, 124.000000, 168.000000],
    WeightKey::Strength => [6.000000, 5.000000, 5.000000],
    WeightKey::StrengthRel => [6.000000, 5.000000, 5.000000],
    WeightKey::StrengthDeficit => [5.000000, 5.000000, 4.000000],
    WeightKey::StrengthLead => [5.000000, 4.000000, 4.000000],
    WeightKey::TacticLevel => [2.000000, 2.000000, 2.000000],
    WeightKey::TacticGain => [3.000000, 4.000000, 2.000000],
    WeightKey::TacticShort => [2.000000, 2.000000, 2.000000],
    WeightKey::HasUnit => [1.000000, 1.000000, 1.000000],
    WeightKey::Colonies => [1.000000, 1.000000, 1.000000],
    WeightKey::HasColony => [1.000000, 1.000000, 1.000000],
    WeightKey::Pacts => [0.000000, 1.500000, 1.500000],
    WeightKey::PactBlocksAttack => [0.000000, 1.000000, 1.000000],
    WeightKey::WarImmune => [0.000000, 1.000000, 1.000000],
    WeightKey::AttackCostDoubled => [1.000000, 1.000000, 1.000000],
    WeightKey::AuctionCommitted => [1.000000, 1.000000, 1.000000],
    WeightKey::AuctionBid => [9.500000, 10.000000, 14.000000],
    WeightKey::TechLevels => [0.723684, 0.723529, 0.737430],
    WeightKey::GovLevel => [3.000000, 2.000000, 2.000000],
    WeightKey::BestFarm => [3.000000, 3.000000, 3.000000],
    WeightKey::BestMine => [2.000000, 3.000000, 3.000000],
    WeightKey::BestLab => [2.000000, 2.000000, 3.000000],
    WeightKey::BestTemple => [2.000000, 2.000000, 2.000000],
    WeightKey::BestTheater => [3.000000, 2.000000, 3.000000],
    WeightKey::BestLibrary => [3.000000, 2.000000, 3.000000],
    WeightKey::BestArena => [3.000000, 3.000000, 3.000000],
    WeightKey::BestUnit => [2.000000, 2.000000, 3.000000],
    WeightKey::NumTechs => [1.000000, 1.000000, 1.000000],
    WeightKey::SpecialTechs => [1.000000, 1.000000, 1.000000],
    WeightKey::Wonders => [1.000000, 1.000000, 1.000000],
    WeightKey::WonderProgress => [8.000000, 9.000000, 10.000000],
    WeightKey::WonderRemaining => [16.000000, 16.000000, 16.000000],
    WeightKey::WonderStagesLeft => [5.000000, 5.000000, 5.000000],
    WeightKey::WonderTurnsToFinish => [4.000000, 4.500000, 3.000000],
    WeightKey::WonderOverrun => [4.333333, 13.000000, 3.666667],
    WeightKey::WonderStagesPerAction => [3.000000, 2.000000, 2.000000],
    WeightKey::WonderPotential => [39.001754, 42.722647, 25.501761],
    WeightKey::WonderPromise => [32.070146, 39.010332, 24.377193],
    WeightKey::WonderAgeOverrun => [4.000000, 11.963225, 3.939974],
    WeightKey::Leader => [1.000000, 1.000000, 1.000000],
    WeightKey::WonderInProgress => [1.000000, 1.000000, 1.000000],
    WeightKey::HandLimit => [2.000000, 2.000000, 2.000000],
    WeightKey::ColonizeBonus => [4.000000, 3.000000, 4.000000],
    WeightKey::BuildDiscount => [6.000000, 5.000000, 5.000000],
    WeightKey::ResourceDiscount => [0.000000, 0.000000, 0.000000],
    WeightKey::DefenseBonus => [0.000000, 0.000000, 0.000000],
    WeightKey::UrbanLimit => [2.000000, 1.000000, 1.000000],
    WeightKey::GovActionCost => [0.000000, 0.000000, 0.000000],
    WeightKey::NoAggression => [1.000000, 1.000000, 1.000000],
    WeightKey::CardBoardCredit => [0.000000, 0.000000, 0.000000],
    WeightKey::EventScoringMargin => [10.000000, 14.000000, 11.000000],
    WeightKey::CardBoardLeader => [0.000000, 0.000000, 0.000000],
    WeightKey::HandSwapExtra => [0.000000, 0.000000, 0.000000],
    WeightKey::CardRateCredit => [0.000000, 0.000000, 0.000000],
    WeightKey::UnitStrengthCredit => [0.000000, 0.000000, 0.000000],
    WeightKey::UnitTechCredit => [0.000000, 0.000000, 0.000000],
    WeightKey::TechBoardCredit => [0.000000, 0.000000, 0.000000],
    WeightKey::ActionBoardCredit => [0.000000, 0.000000, 0.000000],
    WeightKey::GovBoardCredit => [0.000000, 0.000000, 0.000000],
    WeightKey::WonderBoardCredit => [0.000000, 0.000000, 0.000000],
    WeightKey::BuildFreshCredit => [0.000000, 0.000000, 0.000000],
    WeightKey::RestrictedResourceCredit => [0.000000, 0.000000, 0.000000],
    WeightKey::FreeActionCredit => [0.000000, 0.000000, 0.000000],
    WeightKey::TerritoryCredit => [0.000000, 0.000000, 0.000000],
    WeightKey::BonusCardCredit => [0.000000, 0.000000, 0.000000],
    WeightKey::TacticBoardCredit => [0.000000, 0.000000, 0.000000],
    WeightKey::AggressionBoardCredit => [0.000000, 0.000000, 0.000000],
    WeightKey::WarBoardCredit => [0.000000, 0.000000, 0.000000],
    WeightKey::PactBoardCredit => [0.000000, 0.000000, 0.000000],
    WeightKey::EventBoardCredit => [0.000000, 0.000000, 0.000000],
    WeightKey::TacticShortfallCost => [0.000000, 0.000000, 0.000000],
    WeightKey::TacticReachCredit => [0.000000, 0.000000, 0.000000],
    WeightKey::HandCivil => [2.000000, 2.000000, 2.000000],
    WeightKey::HandValue => [2.789474, 2.858824, 2.815642],
    WeightKey::HandPotential => [31.468670, 128.355415, 66.283739],
    WeightKey::HandMilitary => [4.000000, 3.000000, 4.000000],
    WeightKey::HandMilValue => [12.000000, 12.000000, 15.000000],
    WeightKey::HandMilPotential => [178.183598, 603.139467, 538.824837],
    WeightKey::HandPerishable => [1.462544, 1.422111, 1.272329],
    WeightKey::RivalCulture => [27.000000, 30.000000, 50.000000],
    WeightKey::RivalMeanCulture => [27.000000, 27.000000, 44.666667],
    WeightKey::RivalCultureRate => [0.000000, 1.000000, 1.500000],
    WeightKey::RivalScienceRate => [0.000000, 0.000000, 0.000000],
    WeightKey::RivalStrength => [0.000000, 2.000000, 2.000000],
    WeightKey::EndTurnBias => [1.000000, 1.000000, 1.000000],
    WeightKey::CultureRateTrailing => [0.000000, 0.000000, 0.000000],
    WeightKey::ScienceRateTrailing => [0.000000, 0.000000, 0.000000],
    WeightKey::FoodStockNeeded => [0.000000, 0.000000, 0.000000],
    WeightKey::ResourceStockNeeded => [0.000000, 0.000000, 0.000000],
    WeightKey::ScienceNeeded => [0.000000, 0.000000, 0.000000],
    WeightKey::FreeWorkersNeeded => [0.000000, 0.000000, 0.000000],
    WeightKey::WorkersLate => [1.302632, 1.141176, 1.329609],
    WeightKey::StrengthRelEarly => [2.467105, 2.411765, 2.044693],
    WeightKey::StrengthRelLate => [4.440789, 4.117647, 3.329609],
    WeightKey::TechLevelsLate => [1.618421, 1.423529, 1.441341],
    WeightKey::HandValueLate => [7.526316, 7.011765, 7.284916],
    WeightKey::FoodGap => [4.000000, 4.000000, 4.000000],
    WeightKey::FoodSurplus => [4.000000, 5.000000, 7.000000],
    WeightKey::ResourceGap => [4.000000, 3.000000, 4.000000],
    WeightKey::ResourceSurplus => [6.000000, 6.000000, 9.000000],
    WeightKey::ScienceGap => [10.000000, 9.000000, 10.000000],
    WeightKey::ScienceSurplus => [7.000000, 6.000000, 12.000000],
    WeightKey::CultureGap => [10.000000, 8.000000, 16.000000],
    WeightKey::CultureSurplus => [13.000000, 10.000000, 19.000000],
    WeightKey::HappySurplus => [3.000000, 3.000000, 3.000000],
    WeightKey::CivilActionGap => [4.000000, 4.000000, 4.000000],
    WeightKey::CivilActionSurplus => [4.000000, 4.000000, 6.000000],
    WeightKey::TakeCostShare => [0.857143, 0.800000, 0.750000],
    WeightKey::MilitaryActionGap => [3.000000, 3.000000, 3.000000],
    WeightKey::MilitaryActionSurplus => [3.000000, 3.000000, 3.000000],
    WeightKey::WorkerGap => [2.000000, 2.000000, 2.000000],
    WeightKey::WorkerSurplus => [2.000000, 2.000000, 2.000000],
    WeightKey::TechRedundancyDiscount => [0.000000, 0.000000, 0.000000],
    WeightKey::LeaderReplacement => [1.000000, 1.000000, 1.000000],
    WeightKey::WonderPoolRivalClaimed => [1.000000, 2.000000, 3.000000],
    WeightKey::HandOverCapacity => [1.000000, 2.000000, 1.000000],
    WeightKey::HappyMarginAfterNextPop => [2.000000, 2.000000, 2.000000],
    WeightKey::ResourceCommitmentTurns => [16.000000, 16.000000, 14.000000],
    WeightKey::WonderOneStageShort => [1.000000, 1.000000, 1.000000],
    WeightKey::ScienceNeedRow => [5.000000, 4.000000, 4.000000],
    WeightKey::RowPlayableCount => [13.000000, 12.000000, 13.000000],
}
featspread: total elapsed 1080.9s
