================================================================================
THROUGH THE AGES -- CANDIDATE-SET SPREAD / EVAL-SHARE (featspread rebuild)
================================================================================
Rebuild of the tool that produced analysis/spread_quantiles_2026-08-24.txt and
analysis/eval_share_2026-08-24.txt -- the original was written in a throwaway
isolated clone and deleted after that run, so those tables were unreproducible.
This binary is landed in the tracked tree (rust/src/bin/featspread.rs) instead.

METHOD: at every real self-play decision (filter_resign'd legal-move count > 1)
reached by WeightedBot::choose under a given player count's champion weights,
every legal move is applied to a scratch clone and eval::candidate_features()
(== eval::linear_features run once per candidate) is read for each, with
`freeze` pinned to that count's champion vector. Per WeightKey, per decision:
  spread(k) = max(candidate values) - min(candidate values)
Accumulated per player count: fire_rate (fraction of decisions with spread>0),
mean_spread (over ALL decisions), mean_spread_when_firing / p95_spread / 
max_spread (over FIRING decisions only, p95 nearest-rank). Per decision also:
  total_spread = max(dot(champ_w, phi)) - min(dot(champ_w, phi))
over the candidate set, p50/p95 reported per player count. Per (key, count):
  eval_share(k) = abs(champ_w(k)) * p95_spread_when_firing(k) / p95_total_spread
using THAT key's OWN player count's p95_total_spread, never a cross-count max.
The move that actually advances each game is chosen separately by
WeightedBot::choose on the same state, not re-derived from these scores.

games_per_count=40 seed=0 champion_dir=/Users/pt/tta-ai/analysis/frozen/clamp_ceiling_2026-08-27

featspread: 2p done (40 games, 9934 decisions, 31.4s)
featspread: 3p done (40 games, 16995 decisions, 94.5s)
featspread: 4p done (40 games, 24861 decisions, 175.7s)
================================================================================
PER-KEY TABLE (all 174 WeightKeys, at 2p/3p/4p)
================================================================================
Columns: key | n (decisions sampled) | fire_rate | mean_spread |
mean_spread_when_firing | p95_spread | max_spread

-- 2p --
key                                 n  fire_rate    mean_spread  mean_spread_when_firing     p95_spread     max_spread
rate_horizon                     9934     0.0000       0.000000                 0.000000       0.000000       0.000000
culture                          9934     0.5236       2.697302                 5.151894      11.000000      49.000000
culture_rate                     9934     0.5788       0.765571                 1.322641       3.508295      11.187662
science                          9934     0.3773       0.867526                 2.299360       7.000000      17.000000
science_rate                     9934     0.4293       0.386704                 0.900708       1.998155       8.575233
food_rate                        9934     0.6063       0.623006                 1.027552       2.005425       7.716637
resource_rate                    9934     0.6449       1.244930                 1.930555       4.047147      10.300960
food_stock                       9934     0.3569       0.827008                 2.317489       4.000000       8.000000
famine_deficit                   9934     0.1422       0.152607                 1.072895       2.000000       3.000000
resource_stock                   9934     0.5644       1.879203                 3.329410       6.000000      12.000000
blue_free                        9934     0.5776       2.280048                 3.947368       7.000000      11.000000
corruption_headroom              9934     0.5391       1.308134                 2.426704       4.000000       4.000000
consumption_headroom             9934     0.2024       0.341454                 1.686723       3.000000       3.000000
pop_cost                         9934     0.0661       0.066539                 1.006088       1.000000       2.000000
yellow_bank                      9934     0.2031       0.245118                 1.206640       2.000000       7.000000
free_workers                     9934     0.6550       0.744212                 1.136161       2.000000       2.000000
free_worker_wall                 9934     0.5659       5.148379                 9.097118      19.000000      32.000000
workers                          9934     0.6303       0.338295                 0.536755       1.434211       2.131579
prod_workers                     9934     0.5251       0.606503                 1.155100       2.000000       2.000000
urban_workers                    9934     0.5262       0.588484                 1.118424       2.000000       2.000000
unit_workers                     9934     0.5997       0.683713                 1.140171       2.000000       4.000000
happy_margin                     9934     0.3848       0.481528                 1.251242       2.000000       5.000000
discontent                       9934     0.0974       0.100866                 1.035124       1.000000       3.000000
uprising                         9934     0.0236       0.318099                13.504274      19.000000      23.000000
civil_actions                    9934     0.0133       0.022046                 1.659091       3.000000       3.000000
military_actions                 9934     0.0344       0.046004                 1.336257       3.000000       3.000000
ca_left                          9934     0.6199       2.148983                 3.466710       5.000000       9.000000
ma_left                          9934     0.6717       1.194786                 1.778660       3.000000       3.000000
take_cost_paid                   9934     0.4756       1.187840                 2.497354       4.000000       6.000000
row_urgency                      9934     0.6520       5.575840                 8.551859      30.751237     105.705503
row_bargain_forgone              9934     0.5909       2.420461                 4.096228       7.953139       9.000000
row_last_copy                    9934     0.6050       2.318815                 3.832797       9.100000      13.000000
rival_desire                     9934     0.0000       0.000000                 0.000000       0.000000       0.000000
rival_take_share                 9934     0.0000       0.000000                 0.000000       0.000000       0.000000
rival_free_ca                    9934     0.0001       0.000101                 1.000000       1.000000       1.000000
rival_hand_civil                 9934     0.0129       0.025367                 1.968750       4.000000       5.000000
rival_wonders                    9934     0.0000       0.000000                 0.000000       0.000000       0.000000
rival_wonder_deficit             9934     0.0085       0.008456                 1.000000       1.000000       1.000000
rival_science_deficit            9934     0.2126       0.217636                 1.023674       1.000000       3.000000
rival_culture_deficit            9934     0.2843       0.343870                 1.209632       2.000000       5.000000
rival_hand_potential             9934     0.1393       0.116273                 0.834577       4.466955      22.187683
rival_science_stock              9934     0.0101       0.029797                 2.960000       6.000000       6.000000
rival_food_stock                 9934     0.0127       0.030401                 2.396825       6.000000       8.000000
rival_resource_stock             9934     0.0135       0.033823                 2.507463       5.000000       9.000000
rival_free_workers               9934     0.0092       0.009362                 1.021978       1.000000       2.000000
rival_yellow_bank                9934     0.0675       0.106503                 1.576751       2.000000       9.000000
rival_colonies                   9934     0.0038       0.003825                 1.000000       1.000000       1.000000
rival_mil_actions                9934     0.0057       0.007449                 1.298246       2.000000       2.000000
rival_building_wonder            9934     0.0007       0.000705                 1.000000       1.000000       1.000000
my_seeded_pending                9934     0.0811       0.127038                 1.565757       3.000000       3.000000
my_event_threat                  9934     0.1116       1.050729                 9.412034      37.256956      43.934720
attack_target_lead               9934     0.0000       0.000000                 0.000000       0.000000       0.000000
attack_target_weakness           9934     0.0764       0.351520                 4.600791      13.000000      20.000000
pact_partner_lead                9934     0.0000       0.000000                 0.000000       0.000000       0.000000
strength                         9934     0.6282       1.611133                 2.564493       6.000000      13.000000
strength_rel                     9934     0.6286       1.575181                 2.505660       6.000000      13.000000
strength_deficit                 9934     0.4128       0.824643                 1.997562       4.000000       9.000000
strength_lead                    9934     0.2744       0.596537                 2.173881       5.000000       6.000000
tactic_level                     9934     0.1518       0.199315                 1.312997       2.000000       2.000000
tactic_gain                      9934     0.2630       0.419871                 1.596250       3.000000       4.000000
tactic_short                     9934     0.4706       0.554157                 1.177540       2.000000       3.000000
has_unit                         9934     0.1771       0.177069                 1.000000       1.000000       1.000000
colonies                         9934     0.0083       0.008254                 1.000000       1.000000       1.000000
has_colony                       9934     0.0058       0.005839                 1.000000       1.000000       1.000000
pacts                            9934     0.0000       0.000000                 0.000000       0.000000       0.000000
pact_blocks_attack               9934     0.0000       0.000000                 0.000000       0.000000       0.000000
war_immune                       9934     0.0000       0.000000                 0.000000       0.000000       0.000000
attack_cost_doubled              9934     0.0032       0.003221                 1.000000       1.000000       1.000000
auction_committed                9934     0.0556       0.032766                 0.589674       1.000000       1.000000
auction_bid                      9934     0.0556       0.246527                 4.436594       9.000000      22.000000
tech_levels                      9934     0.3231       0.066654                 0.206274       0.723684       1.092105
gov_level                        9934     0.0115       0.018824                 1.640351       3.000000       3.000000
best_farm                        9934     0.0021       0.005033                 2.380952       3.000000       3.000000
best_mine                        9934     0.0072       0.008959                 1.236111       2.000000       2.000000
best_lab                         9934     0.0182       0.024260                 1.331492       2.000000       3.000000
best_temple                      9934     0.0422       0.064929                 1.539379       2.000000       2.000000
best_theater                     9934     0.0052       0.006845                 1.307692       2.000000       3.000000
best_library                     9934     0.0065       0.008355                 1.276923       2.000000       3.000000
best_arena                       9934     0.0032       0.008254                 2.562500       3.000000       3.000000
best_unit                        9934     0.0231       0.028287                 1.227074       2.000000       3.000000
num_techs                        9934     0.0896       0.089591                 1.000000       1.000000       1.000000
special_techs                    9934     0.0050       0.005033                 1.000000       1.000000       1.000000
wonders                          9934     0.0210       0.021039                 1.000000       1.000000       1.000000
wonder_progress                  9934     0.0897       0.377290                 4.206510       8.000000      10.000000
wonder_remaining                 9934     0.2497       2.068754                 8.283353      16.000000      16.000000
wonder_stages_left               9934     0.2497       0.670626                 2.685208       5.000000       5.000000
wonder_turns_to_finish           9934     0.3582       0.625160                 1.745458       4.000000       8.250000
wonder_overrun                   9934     0.0175       0.024846                 1.418515       2.932489       7.000000
wonder_stages_per_action         9934     0.0030       0.005436                 1.800000       3.000000       3.000000
wonder_potential                 9934     0.2012       1.855260                 9.219685      37.527217      66.988456
wonder_promise                   9934     0.3762       3.932572                10.453886      30.869253      87.339079
wonder_age_overrun               9934     0.0241       0.031182                 1.296093       3.000000       7.000000
leader                           9934     0.0460       0.046004                 1.000000       1.000000       1.000000
wonder_in_progress               9934     0.1817       0.181699                 1.000000       1.000000       1.000000
hand_limit                       9934     0.0000       0.000000                 0.000000       0.000000       0.000000
colonize_bonus                   9934     0.0006       0.001711                 2.833333       4.000000       4.000000
build_discount                   9934     0.0030       0.012885                 4.266667       6.000000       6.000000
resource_discount                9934     0.0000       0.000000                 0.000000       0.000000       0.000000
defense_bonus                    9934     0.0000       0.000000                 0.000000       0.000000       0.000000
urban_limit                      9934     0.0114       0.013690                 1.203540       2.000000       2.000000
gov_action_cost                  9934     0.0000       0.000000                 0.000000       0.000000       0.000000
no_aggression                    9934     0.0032       0.003221                 1.000000       1.000000       1.000000
card_board_credit                9934     0.0000       0.000000                 0.000000       0.000000       0.000000
event_scoring_margin             9934     0.2490       0.600493                 2.411194      10.000000      26.285714
card_board_leader                9934     0.0000       0.000000                 0.000000       0.000000       0.000000
hand_swap_extra                  9934     0.0000       0.000000                 0.000000       0.000000       0.000000
card_rate_credit                 9934     0.0000       0.000000                 0.000000       0.000000       0.000000
unit_strength_credit             9934     0.0000       0.000000                 0.000000       0.000000       0.000000
unit_tech_credit                 9934     0.0000       0.000000                 0.000000       0.000000       0.000000
tech_board_credit                9934     0.0000       0.000000                 0.000000       0.000000       0.000000
action_board_credit              9934     0.0000       0.000000                 0.000000       0.000000       0.000000
gov_board_credit                 9934     0.0000       0.000000                 0.000000       0.000000       0.000000
wonder_board_credit              9934     0.0000       0.000000                 0.000000       0.000000       0.000000
build_fresh_credit               9934     0.0000       0.000000                 0.000000       0.000000       0.000000
restricted_resource_credit       9934     0.0000       0.000000                 0.000000       0.000000       0.000000
free_action_credit               9934     0.0000       0.000000                 0.000000       0.000000       0.000000
territory_credit                 9934     0.0000       0.000000                 0.000000       0.000000       0.000000
bonus_card_credit                9934     0.0000       0.000000                 0.000000       0.000000       0.000000
tactic_board_credit              9934     0.0000       0.000000                 0.000000       0.000000       0.000000
aggression_board_credit          9934     0.0000       0.000000                 0.000000       0.000000       0.000000
war_board_credit                 9934     0.0000       0.000000                 0.000000       0.000000       0.000000
pact_board_credit                9934     0.0000       0.000000                 0.000000       0.000000       0.000000
event_board_credit               9934     0.0000       0.000000                 0.000000       0.000000       0.000000
tactic_shortfall_cost            9934     0.0000       0.000000                 0.000000       0.000000       0.000000
tactic_reach_credit              9934     0.0000       0.000000                 0.000000       0.000000       0.000000
hand_civil                       9934     0.5237       0.836018                 1.596501       2.000000       5.000000
hand_value                       9934     0.5647       0.822088                 1.455726       2.789474       3.736842
hand_potential                   9934     0.6159       6.618337                10.746415      31.306624     189.910034
hand_military                    9934     0.6297       1.164184                 1.848921       4.000000       5.000000
hand_mil_value                   9934     0.6521       3.238273                 4.965885      12.000000      21.000000
hand_mil_potential               9934     0.7678      34.218019                44.568218     175.193768     456.894688
hand_perishable                  9934     0.5271       0.363495                 0.689641       1.473244       4.387255
rival_culture                    9934     0.0299       0.283270                 9.474747      23.000000      34.000000
rival_mean_culture               9934     0.0299       0.283270                 9.474747      23.000000      34.000000
rival_culture_rate               9934     0.0000       0.000000                 0.000000       0.000000       0.000000
rival_science_rate               9934     0.0000       0.000000                 0.000000       0.000000       0.000000
rival_strength                   9934     0.0000       0.000000                 0.000000       0.000000       0.000000
end_turn_bias                    9934     0.6587       0.658748                 1.000000       1.000000       1.000000
culture_rate_trailing            9934     0.0000       0.000000                 0.000000       0.000000       0.000000
science_rate_trailing            9934     0.0000       0.000000                 0.000000       0.000000       0.000000
food_stock_needed                9934     0.0000       0.000000                 0.000000       0.000000       0.000000
resource_stock_needed            9934     0.0000       0.000000                 0.000000       0.000000       0.000000
science_needed                   9934     0.0000       0.000000                 0.000000       0.000000       0.000000
free_workers_needed              9934     0.0000       0.000000                 0.000000       0.000000       0.000000
workers_late                     9934     0.6727       0.496741                 0.738385       1.289474       3.921053
strength_rel_early               9934     0.6298       0.626428                 0.994715       2.302632       4.789474
strength_rel_late                9934     0.6674       1.014459                 1.520005       4.440789      11.375000
tech_levels_late                 9934     0.3270       0.111335                 0.340519       1.618421       3.894737
hand_value_late                  9934     0.6009       1.440451                 2.397293       7.578947      14.802632
food_gap                         9934     0.3259       0.588585                 1.806302       4.000000       5.000000
food_surplus                     9934     0.1471       0.283924                 1.930527       4.000000       7.000000
resource_gap                     9934     0.3003       0.661164                 2.201810       4.000000       8.000000
resource_surplus                 9934     0.5417       1.698108                 3.134919       6.000000      12.000000
science_gap                      9934     0.3191       1.489229                 4.666877      10.000000      12.000000
science_surplus                  9934     0.4829       1.538957                 3.186992       7.000000      14.000000
culture_gap                      9934     0.2814       1.204399                 4.280680      10.000000      34.000000
culture_surplus                  9934     0.2813       1.495621                 5.317645      13.000000      46.000000
happy_surplus                    9934     0.4185       0.589189                 1.407987       3.000000       5.000000
civil_action_gap                 9934     0.5996       1.536139                 2.562122       4.000000       8.000000
civil_action_surplus             9934     0.4766       1.061707                 2.227455       4.000000       7.000000
take_cost_share                  9934     0.4763       0.277513                 0.582590       0.833333       1.000000
military_action_gap              9934     0.6372       1.074039                 1.685545       3.000000       6.000000
military_action_surplus          9934     0.3078       0.455758                 1.480543       3.000000       5.000000
worker_gap                       9934     0.4721       0.565432                 1.197655       2.000000       2.000000
worker_surplus                   9934     0.2345       0.255788                 1.090558       2.000000       2.000000
tech_redundancy_discount         9934     0.0000       0.000000                 0.000000       0.000000       0.000000
leader_replacement               9934     0.0742       0.074190                 1.000000       1.000000       1.000000
wonder_pool_rival_claimed        9934     0.0106       0.011274                 1.066667       2.000000       2.000000
hand_over_capacity               9934     0.3656       0.381417                 1.043227       1.000000       3.000000
happy_margin_after_next_pop      9934     0.1599       0.169116                 1.057935       2.000000       3.000000
resource_commitment_turns        9934     0.6203       3.363596                 5.422584      16.000000      38.666667
wonder_one_stage_short           9934     0.0545       0.054459                 1.000000       1.000000       1.000000
science_need_row                 9934     0.2963       0.587226                 1.982161       5.000000      10.000000
row_playable_count               9934     0.5996       4.291927                 7.158496      13.000000      13.000000

-- 3p --
key                                 n  fire_rate    mean_spread  mean_spread_when_firing     p95_spread     max_spread
rate_horizon                    16995     0.0000       0.000000                 0.000000       0.000000       0.000000
culture                         16995     0.3469       1.270315                 3.661635       9.000000      45.000000
culture_rate                    16995     0.5102       0.592948                 1.162300       2.796548       8.955888
science                         16995     0.3052       0.611886                 2.004820       6.000000      15.000000
science_rate                    16995     0.4420       0.484144                 1.095318       2.481466       5.005720
food_rate                       16995     0.4792       0.541907                 1.130859       2.675498       5.886707
resource_rate                   16995     0.5539       1.053262                 1.901443       4.183926       7.615408
food_stock                      16995     0.3106       0.808277                 2.602134       4.000000      12.000000
famine_deficit                  16995     0.1095       0.121006                 1.105051       2.000000       3.000000
resource_stock                  16995     0.4234       1.370776                 3.237400       6.000000      14.000000
blue_free                       16995     0.4758       1.718084                 3.611036       7.000000      13.000000
corruption_headroom             16995     0.4369       1.058841                 2.423569       4.000000       4.000000
consumption_headroom            16995     0.2118       0.312739                 1.476799       3.000000       3.000000
pop_cost                        16995     0.0494       0.049544                 1.003576       1.000000       2.000000
yellow_bank                     16995     0.2139       0.229126                 1.071252       2.000000       8.000000
free_workers                    16995     0.5570       0.627665                 1.126774       2.000000       2.000000
free_worker_wall                16995     0.4595       4.451486                 9.687924      22.000000      32.000000
workers                         16995     0.5376       0.288941                 0.537494       1.400000       1.870588
prod_workers                    16995     0.4475       0.512033                 1.144097       2.000000       2.000000
urban_workers                   16995     0.4513       0.500500                 1.108996       2.000000       2.000000
unit_workers                    16995     0.5280       0.595705                 1.128274       2.000000       6.000000
happy_margin                    16995     0.3719       0.476552                 1.281487       2.000000       5.000000
discontent                      16995     0.1149       0.124870                 1.086619       2.000000       3.000000
uprising                        16995     0.0305       0.282495                 9.250482      17.000000      29.000000
civil_actions                   16995     0.0133       0.015887                 1.194690       2.000000       3.000000
military_actions                16995     0.0453       0.050338                 1.111039       2.000000       4.000000
ca_left                         16995     0.5154       1.701618                 3.301633       5.000000       8.000000
ma_left                         16995     0.5792       1.021418                 1.763409       3.000000       3.000000
take_cost_paid                  16995     0.4128       1.058959                 2.565137       4.000000       6.000000
row_urgency                     16995     0.4917       4.876564                 9.918288      30.723115     704.875556
row_bargain_forgone             16995     0.4499       1.318917                 2.931598       7.000000       9.000000
row_last_copy                   16995     0.4756       1.259963                 2.649149       7.000000      12.000000
rival_desire                    16995     0.0000       0.000000                 0.000000       0.000000       0.000000
rival_take_share                16995     0.0000       0.000000                 0.000000       0.000000       0.000000
rival_free_ca                   16995     0.0001       0.000059                 1.000000       1.000000       1.000000
rival_hand_civil                16995     0.0041       0.005649                 1.391304       3.000000       3.000000
rival_wonders                   16995     0.0000       0.000000                 0.000000       0.000000       0.000000
rival_wonder_deficit            16995     0.0099       0.009944                 1.000000       1.000000       1.000000
rival_science_deficit           16995     0.3416       0.361636                 1.058742       2.000000       3.000000
rival_culture_deficit           16995     0.3323       0.410709                 1.235836       2.000000       7.000000
rival_hand_potential            16995     0.1941       0.466072                 2.400998      14.476290      97.576700
rival_science_stock             16995     0.0125       0.030068                 2.410377       6.000000       6.000000
rival_food_stock                16995     0.0153       0.038423                 2.511538       7.000000      12.000000
rival_resource_stock            16995     0.0185       0.048485                 2.624204       5.000000       9.000000
rival_free_workers              16995     0.0104       0.010356                 1.000000       1.000000       1.000000
rival_yellow_bank               16995     0.0237       0.037187                 1.568238       2.000000       5.000000
rival_colonies                  16995     0.0028       0.002824                 1.000000       1.000000       1.000000
rival_mil_actions               16995     0.0090       0.010356                 1.150327       2.000000       2.000000
rival_building_wonder           16995     0.0028       0.002824                 1.000000       1.000000       1.000000
my_seeded_pending               16995     0.0928       0.157811                 1.700698       3.000000       3.000000
my_event_threat                 16995     0.0760       4.642716                61.070403     207.853086     389.754649
attack_target_lead              16995     0.0688       2.292204                33.295726      96.000000     238.000000
attack_target_weakness          16995     0.0883       0.588291                 6.665333      14.000000      25.000000
pact_partner_lead               16995     0.0441       1.785937                40.523364     118.000000     284.000000
strength                        16995     0.5852       1.524625                 2.605430       5.000000      11.000000
strength_rel                    16995     0.5851       1.497263                 2.559186       5.000000      11.000000
strength_deficit                16995     0.4520       1.028724                 2.275861       5.000000      10.000000
strength_lead                   16995     0.1775       0.380681                 2.144404       4.000000       6.000000
tactic_level                    16995     0.2034       0.268491                 1.320312       2.000000       2.000000
tactic_gain                     16995     0.2621       0.467785                 1.784912       4.000000       8.000000
tactic_short                    16995     0.4461       0.524919                 1.176602       2.000000       3.000000
has_unit                        16995     0.1728       0.172757                 1.000000       1.000000       1.000000
colonies                        16995     0.0096       0.009591                 1.000000       1.000000       1.000000
has_colony                      16995     0.0069       0.006884                 1.000000       1.000000       1.000000
pacts                           16995     0.0880       0.079406                 0.902072       1.500000       1.500000
pact_blocks_attack              16995     0.0281       0.021447                 0.764151       1.000000       1.500000
war_immune                      16995     0.0024       0.002412                 1.000000       1.000000       1.000000
attack_cost_doubled             16995     0.0017       0.001706                 1.000000       1.000000       1.000000
auction_committed               16995     0.0713       0.033598                 0.471122       1.000000       1.000000
auction_bid                     16995     0.0713       0.316348                 4.435919       9.500000      19.000000
tech_levels                     16995     0.2055       0.036120                 0.175788       0.735294       1.082353
gov_level                       16995     0.0117       0.014416                 1.237374       2.000000       3.000000
best_farm                       16995     0.0031       0.006061                 1.980769       3.000000       3.000000
best_mine                       16995     0.0021       0.003236                 1.527778       3.000000       3.000000
best_lab                        16995     0.0042       0.005590                 1.319444       2.000000       3.000000
best_temple                     16995     0.0039       0.006355                 1.636364       2.000000       2.000000
best_theater                    16995     0.0080       0.011709                 1.463235       2.000000       2.000000
best_library                    16995     0.0026       0.003295                 1.244444       2.000000       3.000000
best_arena                      16995     0.0031       0.004237                 1.358491       3.000000       3.000000
best_unit                       16995     0.0139       0.017123                 1.233051       2.000000       3.000000
num_techs                       16995     0.0416       0.041600                 1.000000       1.000000       1.000000
special_techs                   16995     0.0040       0.004001                 1.000000       1.000000       1.000000
wonders                         16995     0.0183       0.018299                 1.000000       1.000000       1.000000
wonder_progress                 16995     0.0828       0.288320                 3.482587       9.000000      10.000000
wonder_remaining                16995     0.2195       1.876022                 8.545430      16.000000      16.000000
wonder_stages_left              16995     0.2195       0.587820                 2.677566       5.000000       5.000000
wonder_turns_to_finish          16995     0.3152       0.592098                 1.878420       4.500000      16.000000
wonder_overrun                  16995     0.0219       0.082233                 3.746772      13.880051      15.000000
wonder_stages_per_action        16995     0.0020       0.002942                 1.470588       2.000000       2.000000
wonder_potential                16995     0.1694       1.757942                10.377295      40.546673     101.090217
wonder_promise                  16995     0.3306       4.050983                12.254621      38.215500      90.863103
wonder_age_overrun              16995     0.0300       0.087096                 2.902343      13.767048      15.000000
leader                          16995     0.0540       0.054016                 1.000000       1.000000       1.000000
wonder_in_progress              16995     0.1558       0.155752                 1.000000       1.000000       1.000000
hand_limit                      16995     0.0001       0.000118                 2.000000       2.000000       2.000000
colonize_bonus                  16995     0.0049       0.006472                 1.309524       2.000000       3.000000
build_discount                  16995     0.0020       0.007590                 3.794118       5.000000       5.000000
resource_discount               16995     0.0000       0.000000                 0.000000       0.000000       0.000000
defense_bonus                   16995     0.0000       0.000000                 0.000000       0.000000       0.000000
urban_limit                     16995     0.0111       0.011297                 1.021277       1.000000       2.000000
gov_action_cost                 16995     0.0000       0.000000                 0.000000       0.000000       0.000000
no_aggression                   16995     0.0017       0.001706                 1.000000       1.000000       1.000000
card_board_credit               16995     0.0000       0.000000                 0.000000       0.000000       0.000000
event_scoring_margin            16995     0.2269       0.844204                 3.720760      14.000000      35.000000
card_board_leader               16995     0.0000       0.000000                 0.000000       0.000000       0.000000
hand_swap_extra                 16995     0.0000       0.000000                 0.000000       0.000000       0.000000
card_rate_credit                16995     0.0000       0.000000                 0.000000       0.000000       0.000000
unit_strength_credit            16995     0.0000       0.000000                 0.000000       0.000000       0.000000
unit_tech_credit                16995     0.0000       0.000000                 0.000000       0.000000       0.000000
tech_board_credit               16995     0.0000       0.000000                 0.000000       0.000000       0.000000
action_board_credit             16995     0.0000       0.000000                 0.000000       0.000000       0.000000
gov_board_credit                16995     0.0000       0.000000                 0.000000       0.000000       0.000000
wonder_board_credit             16995     0.0000       0.000000                 0.000000       0.000000       0.000000
build_fresh_credit              16995     0.0000       0.000000                 0.000000       0.000000       0.000000
restricted_resource_credit      16995     0.0000       0.000000                 0.000000       0.000000       0.000000
free_action_credit              16995     0.0000       0.000000                 0.000000       0.000000       0.000000
territory_credit                16995     0.0000       0.000000                 0.000000       0.000000       0.000000
bonus_card_credit               16995     0.0000       0.000000                 0.000000       0.000000       0.000000
tactic_board_credit             16995     0.0000       0.000000                 0.000000       0.000000       0.000000
aggression_board_credit         16995     0.0000       0.000000                 0.000000       0.000000       0.000000
war_board_credit                16995     0.0000       0.000000                 0.000000       0.000000       0.000000
pact_board_credit               16995     0.0000       0.000000                 0.000000       0.000000       0.000000
event_board_credit              16995     0.0000       0.000000                 0.000000       0.000000       0.000000
tactic_shortfall_cost           16995     0.0000       0.000000                 0.000000       0.000000       0.000000
tactic_reach_credit             16995     0.0000       0.000000                 0.000000       0.000000       0.000000
hand_civil                      16995     0.4266       0.640482                 1.501379       2.000000       4.000000
hand_value                      16995     0.4570       0.666978                 1.459417       2.882353       4.047059
hand_potential                  16995     0.5656      23.158948                40.943131     123.655930    4120.671861
hand_military                   16995     0.5257       0.896538                 1.705279       3.000000       6.000000
hand_mil_value                  16995     0.5516       2.474139                 4.485120      12.000000      21.000000
hand_mil_potential              16995     0.7206      92.428697               128.262081     601.147270    1921.904237
hand_perishable                 16995     0.4184       0.260293                 0.622178       1.413965       3.781182
rival_culture                   16995     0.0199       0.182701                 9.186391      33.000000      41.000000
rival_mean_culture              16995     0.0239       0.150691                 6.307882      25.500000      32.000000
rival_culture_rate              16995     0.0129       0.010003                 0.776256       1.500000       1.500000
rival_science_rate              16995     0.0000       0.000000                 0.000000       0.000000       0.000000
rival_strength                  16995     0.0039       0.006649                 1.712121       2.000000       2.000000
end_turn_bias                   16995     0.5611       0.561106                 1.000000       1.000000       1.000000
culture_rate_trailing           16995     0.0000       0.000000                 0.000000       0.000000       0.000000
science_rate_trailing           16995     0.0000       0.000000                 0.000000       0.000000       0.000000
food_stock_needed               16995     0.0000       0.000000                 0.000000       0.000000       0.000000
resource_stock_needed           16995     0.0000       0.000000                 0.000000       0.000000       0.000000
science_needed                  16995     0.0000       0.000000                 0.000000       0.000000       0.000000
free_workers_needed             16995     0.0000       0.000000                 0.000000       0.000000       0.000000
workers_late                    16995     0.5764       0.385222                 0.668319       1.123529       5.823529
strength_rel_early              16995     0.5599       0.577431                 1.031257       2.382353       5.329412
strength_rel_late               16995     0.6021       0.960835                 1.595914       4.000000      10.000000
tech_levels_late                16995     0.2064       0.049700                 0.240779       1.423529       3.000000
hand_value_late                 16995     0.4868       1.072765                 2.203752       6.964706      12.876471
food_gap                        16995     0.2559       0.477797                 1.867134       4.000000       7.000000
food_surplus                    16995     0.1761       0.374375                 2.126504       4.000000      12.000000
resource_gap                    16995     0.2578       0.564342                 2.189226       3.000000      11.000000
resource_surplus                16995     0.3907       1.135530                 2.906376       6.000000      14.000000
science_gap                     16995     0.2927       1.070128                 3.655645       9.000000      12.000000
science_surplus                 16995     0.3420       0.977650                 2.858277       7.000000      16.000000
culture_gap                     16995     0.2334       0.745876                 3.195404       8.000000      31.000000
culture_surplus                 16995     0.1360       0.521850                 3.837660      10.000000      31.000000
happy_surplus                   16995     0.3455       0.515760                 1.492734       3.000000       6.000000
civil_action_gap                16995     0.4906       1.199765                 2.445431       4.000000       8.000000
civil_action_surplus            16995     0.3699       0.868961                 2.348974       4.000000       6.000000
take_cost_share                 16995     0.4131       0.238336                 0.576998       0.800000       1.000000
military_action_gap             16995     0.6447       1.136766                 1.763196       3.000000       6.000000
military_action_surplus         16995     0.1698       0.241444                 1.422299       3.000000       4.000000
worker_gap                      16995     0.4091       0.466225                 1.139744       2.000000       2.000000
worker_surplus                  16995     0.1729       0.193155                 1.117313       2.000000       2.000000
tech_redundancy_discount        16995     0.0000       0.000000                 0.000000       0.000000       0.000000
leader_replacement              16995     0.0848       0.084790                 1.000000       1.000000       1.000000
wonder_pool_rival_claimed       16995     0.0027       0.002707                 1.000000       1.000000       1.000000
hand_over_capacity              16995     0.3491       0.370109                 1.060172       2.000000       4.000000
happy_margin_after_next_pop     16995     0.1640       0.177856                 1.084559       2.000000       3.000000
resource_commitment_turns       16995     0.5568       2.847292                 5.113571      16.000000      30.333333
wonder_one_stage_short          16995     0.0402       0.040188                 1.000000       1.000000       1.000000
science_need_row                16995     0.3100       0.576817                 1.860858       5.000000      17.000000
row_playable_count              16995     0.4949       3.169638                 6.404470      12.000000      13.000000

-- 4p --
key                                 n  fire_rate    mean_spread  mean_spread_when_firing     p95_spread     max_spread
rate_horizon                    24861     0.0000       0.000000                 0.000000       0.000000       0.000000
culture                         24861     0.4751       3.375307                 7.104691      18.000000      90.000000
culture_rate                    24861     0.6447       1.124136                 1.743753       3.938139      10.146784
science                         24861     0.4324       1.250409                 2.892029       9.000000      31.000000
science_rate                    24861     0.5921       0.672129                 1.135176       2.263097       8.832202
food_rate                       24861     0.6426       1.103143                 1.716760       4.015868       9.368090
resource_rate                   24861     0.6834       1.399493                 2.047720       4.300618      12.709589
food_stock                      24861     0.4187       1.323308                 3.160303       8.000000      21.000000
famine_deficit                  24861     0.1183       0.150175                 1.269035       2.000000       5.000000
resource_stock                  24861     0.5301       2.300430                 4.339885      10.000000      49.000000
blue_free                       24861     0.5665       2.621740                 4.628210       9.000000      17.000000
corruption_headroom             24861     0.5094       1.254093                 2.461939       4.000000       4.000000
consumption_headroom            24861     0.2375       0.376252                 1.584081       3.000000       3.000000
pop_cost                        24861     0.0728       0.080850                 1.110497       2.000000       3.000000
yellow_bank                     24861     0.2426       0.256034                 1.055422       1.000000      12.000000
free_workers                    24861     0.6766       0.760006                 1.123269       2.000000       2.000000
free_worker_wall                24861     0.5392       3.654801                 6.778217      16.000000      32.000000
workers                         24861     0.6383       0.324374                 0.508210       1.262570       2.150838
prod_workers                    24861     0.5878       0.668477                 1.137275       2.000000       2.000000
urban_workers                   24861     0.5898       0.653152                 1.107413       2.000000       2.000000
unit_workers                    24861     0.4678       0.527815                 1.128386       2.000000       8.000000
happy_margin                    24861     0.3773       0.511155                 1.354924       3.000000       6.000000
discontent                      24861     0.0964       0.117131                 1.215359       2.000000       5.000000
uprising                        24861     0.0354       0.701541                19.796822      46.000000      67.000000
civil_actions                   24861     0.0230       0.032581                 1.418564       3.000000       3.000000
military_actions                24861     0.0670       0.077451                 1.156456       2.000000       4.000000
ca_left                         24861     0.6471       2.457785                 3.798048       7.000000      10.000000
ma_left                         24861     0.6179       1.056434                 1.709785       3.000000       3.000000
take_cost_paid                  24861     0.5751       1.477374                 2.568821       4.000000       8.000000
row_urgency                     24861     0.6824       3.893469                 5.705938      16.797489     204.179773
row_bargain_forgone             24861     0.6706       0.782945                 1.167583       2.523283       6.035789
row_last_copy                   24861     0.6299       1.336896                 2.122252       5.000000      12.000000
rival_desire                    24861     0.0000       0.000000                 0.000000       0.000000       0.000000
rival_take_share                24861     0.0000       0.000000                 0.000000       0.000000       0.000000
rival_free_ca                   24861     0.0000       0.000040                 1.000000       1.000000       1.000000
rival_hand_civil                24861     0.0040       0.007642                 1.900000       4.000000       4.000000
rival_wonders                   24861     0.0000       0.000000                 0.000000       0.000000       0.000000
rival_wonder_deficit            24861     0.0211       0.021077                 1.000000       1.000000       1.000000
rival_science_deficit           24861     0.4316       0.500463                 1.159661       2.000000       6.000000
rival_culture_deficit           24861     0.5052       0.853143                 1.688829       4.000000       9.000000
rival_hand_potential            24861     0.0931       0.111894                 1.202155       2.433059      40.413341
rival_science_stock             24861     0.0171       0.041350                 2.424528       6.000000       6.000000
rival_food_stock                24861     0.0141       0.045533                 3.225071       8.000000      15.000000
rival_resource_stock            24861     0.0110       0.029243                 2.663004       6.000000      13.000000
rival_free_workers              24861     0.0121       0.012107                 1.003333       1.000000       2.000000
rival_yellow_bank               24861     0.0154       0.023772                 1.547120       2.000000       4.000000
rival_colonies                  24861     0.0010       0.000965                 1.000000       1.000000       1.000000
rival_mil_actions               24861     0.0167       0.017457                 1.043269       1.000000       2.000000
rival_building_wonder           24861     0.0014       0.001408                 1.000000       1.000000       1.000000
my_seeded_pending               24861     0.0919       0.154539                 1.681400       3.000000       3.000000
my_event_threat                 24861     0.0734       0.486482                 6.630720      17.716304      23.432607
attack_target_lead              24861     0.0481       2.413378                50.124478     156.000000     307.500000
attack_target_weakness          24861     0.0759       0.443023                 5.833686      15.000000      33.000000
pact_partner_lead               24861     0.0212       1.167069                54.951705     166.500000     294.000000
strength                        24861     0.5390       1.191726                 2.210842       5.000000      20.000000
strength_rel                    24861     0.5390       1.166404                 2.163865       5.000000      20.000000
strength_deficit                24861     0.4206       0.782692                 1.860811       4.000000      11.000000
strength_lead                   24861     0.1473       0.298520                 2.027178       4.000000       6.000000
tactic_level                    24861     0.2389       0.319698                 1.338047       2.000000       2.000000
tactic_gain                     24861     0.2037       0.284824                 1.398578       2.000000       8.000000
tactic_short                    24861     0.4215       0.471220                 1.117844       2.000000       3.000000
has_unit                        24861     0.2364       0.236394                 1.000000       1.000000       1.000000
colonies                        24861     0.0053       0.005269                 1.000000       1.000000       1.000000
has_colony                      24861     0.0039       0.003902                 1.000000       1.000000       1.000000
pacts                           24861     0.0795       0.079522                 1.000506       1.500000       2.000000
pact_blocks_attack              24861     0.0198       0.017719                 0.893509       1.000000       1.500000
war_immune                      24861     0.0013       0.001287                 1.000000       1.000000       1.000000
attack_cost_doubled             24861     0.0015       0.001528                 1.000000       1.000000       1.000000
auction_committed               24861     0.0152       0.008464                 0.555189       1.000000       1.000000
auction_bid                     24861     0.0152       0.063848                 4.188215      13.000000      25.000000
tech_levels                     24861     0.3261       0.048783                 0.149598       0.731844       1.195531
gov_level                       24861     0.0171       0.022847                 1.333333       2.000000       3.000000
best_farm                       24861     0.0080       0.012630                 1.585859       3.000000       3.000000
best_mine                       24861     0.0026       0.005269                 2.046875       3.000000       3.000000
best_lab                        24861     0.0019       0.003861                 2.086957       3.000000       3.000000
best_temple                     24861     0.0078       0.011383                 1.458763       2.000000       2.000000
best_theater                    24861     0.0061       0.009292                 1.519737       3.000000       3.000000
best_library                    24861     0.0064       0.010096                 1.578616       3.000000       3.000000
best_arena                      24861     0.0037       0.007522                 2.010753       3.000000       3.000000
best_unit                       24861     0.0018       0.003580                 1.977778       3.000000       3.000000
num_techs                       24861     0.0487       0.048711                 1.000000       1.000000       1.000000
special_techs                   24861     0.0121       0.012148                 1.000000       1.000000       1.000000
wonders                         24861     0.0311       0.031133                 1.000000       1.000000       1.000000
wonder_progress                 24861     0.1204       0.491935                 4.086201       9.000000      12.000000
wonder_remaining                24861     0.1821       1.161820                 6.381794      16.000000      16.000000
wonder_stages_left              24861     0.1821       0.363220                 1.995139       5.000000       5.000000
wonder_turns_to_finish          24861     0.3252       0.413220                 1.270474       3.000000      16.000000
wonder_overrun                  24861     0.0261       0.035297                 1.354205       3.500000      14.000000
wonder_stages_per_action        24861     0.0053       0.007522                 1.427481       2.000000       3.000000
wonder_potential                24861     0.2280       1.383139                 6.065658      25.267783      63.272672
wonder_promise                  24861     0.3549       2.180971                 6.146127      22.968995      97.329483
wonder_age_overrun              24861     0.0311       0.040869                 1.312727       3.542891      14.000000
leader                          24861     0.0465       0.046539                 1.000000       1.000000       1.000000
wonder_in_progress              24861     0.0936       0.093641                 1.000000       1.000000       1.000000
hand_limit                      24861     0.0027       0.005390                 2.000000       2.000000       2.000000
colonize_bonus                  24861     0.0069       0.012469                 1.812865       4.000000       4.000000
build_discount                  24861     0.0053       0.018422                 3.496183       5.000000       6.000000
resource_discount               24861     0.0000       0.000000                 0.000000       0.000000       0.000000
defense_bonus                   24861     0.0000       0.000000                 0.000000       0.000000       0.000000
urban_limit                     24861     0.0147       0.015285                 1.041096       1.000000       2.000000
gov_action_cost                 24861     0.0000       0.000000                 0.000000       0.000000       0.000000
no_aggression                   24861     0.0015       0.001528                 1.000000       1.000000       1.000000
card_board_credit               24861     0.0000       0.000000                 0.000000       0.000000       0.000000
event_scoring_margin            24861     0.2810       1.143267                 4.069115      11.642857      56.181818
card_board_leader               24861     0.0000       0.000000                 0.000000       0.000000       0.000000
hand_swap_extra                 24861     0.0000       0.000000                 0.000000       0.000000       0.000000
card_rate_credit                24861     0.0000       0.000000                 0.000000       0.000000       0.000000
unit_strength_credit            24861     0.0000       0.000000                 0.000000       0.000000       0.000000
unit_tech_credit                24861     0.0000       0.000000                 0.000000       0.000000       0.000000
tech_board_credit               24861     0.0000       0.000000                 0.000000       0.000000       0.000000
action_board_credit             24861     0.0000       0.000000                 0.000000       0.000000       0.000000
gov_board_credit                24861     0.0000       0.000000                 0.000000       0.000000       0.000000
wonder_board_credit             24861     0.0000       0.000000                 0.000000       0.000000       0.000000
build_fresh_credit              24861     0.0000       0.000000                 0.000000       0.000000       0.000000
restricted_resource_credit      24861     0.0000       0.000000                 0.000000       0.000000       0.000000
free_action_credit              24861     0.0000       0.000000                 0.000000       0.000000       0.000000
territory_credit                24861     0.0000       0.000000                 0.000000       0.000000       0.000000
bonus_card_credit               24861     0.0000       0.000000                 0.000000       0.000000       0.000000
tactic_board_credit             24861     0.0000       0.000000                 0.000000       0.000000       0.000000
aggression_board_credit         24861     0.0000       0.000000                 0.000000       0.000000       0.000000
war_board_credit                24861     0.0000       0.000000                 0.000000       0.000000       0.000000
pact_board_credit               24861     0.0000       0.000000                 0.000000       0.000000       0.000000
event_board_credit              24861     0.0000       0.000000                 0.000000       0.000000       0.000000
tactic_shortfall_cost           24861     0.0000       0.000000                 0.000000       0.000000       0.000000
tactic_reach_credit             24861     0.0000       0.000000                 0.000000       0.000000       0.000000
hand_civil                      24861     0.5873       0.771650                 1.313973       2.000000       4.000000
hand_value                      24861     0.5871       0.755405                 1.286662       2.793296       4.558659
hand_potential                  24861     0.6251      12.419019                19.866754      66.219502     182.820612
hand_military                   24861     0.6814       1.240376                 1.820259       4.000000       5.000000
hand_mil_value                  24861     0.7266       3.629017                 4.994243      15.000000      21.000000
hand_mil_potential              24861     0.8221     147.830800               179.814155     537.893523    1673.080733
hand_perishable                 24861     0.4931       0.240280                 0.487243       1.243939       2.825155
rival_culture                   24861     0.0267       0.396645                14.873303      49.000000      78.000000
rival_mean_culture              24861     0.0288       0.291487                10.121043      44.666667      66.333333
rival_culture_rate              24861     0.0068       0.005953                 0.875740       1.500000       2.500000
rival_science_rate              24861     0.0000       0.000000                 0.000000       0.000000       0.000000
rival_strength                  24861     0.0028       0.004887                 1.760870       2.000000       2.000000
end_turn_bias                   24861     0.6847       0.684687                 1.000000       1.000000       1.000000
culture_rate_trailing           24861     0.0000       0.000000                 0.000000       0.000000       0.000000
science_rate_trailing           24861     0.0000       0.000000                 0.000000       0.000000       0.000000
food_stock_needed               24861     0.0000       0.000000                 0.000000       0.000000       0.000000
resource_stock_needed           24861     0.0000       0.000000                 0.000000       0.000000       0.000000
science_needed                  24861     0.0000       0.000000                 0.000000       0.000000       0.000000
free_workers_needed             24861     0.0000       0.000000                 0.000000       0.000000       0.000000
workers_late                    24861     0.6849       0.469086                 0.684869       1.363128       6.435754
strength_rel_early              24861     0.6066       0.483098                 0.796387       2.027933       6.424581
strength_rel_late               24861     0.6427       0.729260                 1.134765       3.374302      16.089385
tech_levels_late                24861     0.3307       0.083847                 0.253531       1.441341       3.798883
hand_value_late                 24861     0.6297       1.504082                 2.388412       7.284916      12.860335
food_gap                        24861     0.3664       0.750375                 2.047759       4.000000       8.000000
food_surplus                    24861     0.2161       0.645455                 2.986538       8.000000      22.000000
resource_gap                    24861     0.3043       0.631518                 2.075095       3.000000      11.000000
resource_surplus                24861     0.5111       2.017410                 3.947335       9.000000      49.000000
science_gap                     24861     0.4009       1.910181                 4.764145      10.000000      12.000000
science_surplus                 24861     0.6175       3.093818                 5.010450      12.000000      31.000000
culture_gap                     24861     0.3719       2.154740                 5.793122      16.000000      45.000000
culture_surplus                 24861     0.1351       1.052633                 7.790860      21.000000      57.000000
happy_surplus                   24861     0.4389       0.664354                 1.513748       3.000000       6.000000
civil_action_gap                24861     0.5026       0.988335                 1.966624       4.000000       8.000000
civil_action_surplus            24861     0.5887       2.002655                 3.401982       6.000000      10.000000
take_cost_share                 24861     0.5753       0.297162                 0.516552       0.750000       1.000000
military_action_gap             24861     0.6540       1.166928                 1.784304       3.000000       7.000000
military_action_surplus         24861     0.2437       0.362174                 1.486054       3.000000       5.000000
worker_gap                      24861     0.5113       0.592940                 1.159711       2.000000       2.000000
worker_surplus                  24861     0.1712       0.190516                 1.112618       2.000000       2.000000
tech_redundancy_discount        24861     0.0000       0.000000                 0.000000       0.000000       0.000000
leader_replacement              24861     0.0952       0.095169                 1.000000       1.000000       1.000000
wonder_pool_rival_claimed       24861     0.0060       0.008608                 1.445946       2.000000       3.000000
hand_over_capacity              24861     0.4625       0.480753                 1.039576       1.000000       4.000000
happy_margin_after_next_pop     24861     0.1480       0.177024                 1.195924       2.000000       5.000000
resource_commitment_turns       24861     0.6787       2.893084                 4.262472      14.000000      42.428571
wonder_one_stage_short          24861     0.0675       0.067495                 1.000000       1.000000       1.000000
science_need_row                24861     0.2604       0.476771                 1.830579       4.000000      10.000000
row_playable_count              24861     0.6352       4.435340                 6.982902      13.000000      13.000000

================================================================================
TOTAL SPREAD QUANTILES -- max(dot(w,phi)) - min(dot(w,phi)) over the candidate
set, per decision, per player count
================================================================================
count     n_decisions         mean          p50          p95          max
2p               9934       81.932       70.200      235.219      954.834
3p              16995      164.541      145.753      425.737     3731.663
4p              24861      182.075      171.093      411.919     1317.186

================================================================================
EVAL SHARE -- eval_share(k) = abs(champ_w(k)) * p95_spread_when_firing(k) /
p95_total_spread(count), sorted descending
================================================================================
key                           count   eval_share  fire_rate      champ_w  p95_spread_firing    p95_total
uprising                         2p       1.6573     0.0236     -20.5170            19.0000      235.219
rival_mean_culture               2p       1.5547     0.0299      15.8998            23.0000      235.219
event_scoring_margin             3p       1.1364     0.2269      34.5562            14.0000      425.737
attack_target_weakness           3p       0.9750     0.0883      29.6508            14.0000      425.737
culture_rate                     2p       0.7952     0.5788      53.3127             3.5083      235.219
attack_target_weakness           4p       0.7575     0.0759      20.8024            15.0000      411.919
strength                         3p       0.7047     0.5852      60.0000             5.0000      425.737
rival_culture                    2p       0.5861     0.0299       5.9944            23.0000      235.219
event_scoring_margin             4p       0.5717     0.2810      20.2248            11.6429      411.919
blue_free                        3p       0.5696     0.4758      34.6422             7.0000      425.737
hand_mil_potential               4p       0.5611     0.8221       0.4297           537.8935      411.919
science_gap                      4p       0.5552     0.4009     -22.8700            10.0000      411.919
culture_rate                     4p       0.5302     0.6447      55.4615             3.9381      411.919
strength                         4p       0.5016     0.5390      41.3246             5.0000      411.919
resource_stock                   3p       0.4882     0.4234      34.6422             6.0000      425.737
best_theater                     4p       0.4370     0.0061      60.0000             3.0000      411.919
strength                         2p       0.3885     0.6282      15.2298             6.0000      235.219
food_stock                       3p       0.3798     0.3106      40.4226             4.0000      425.737
culture_rate                     3p       0.3571     0.5102      54.3595             2.7965      425.737
attack_target_lead               3p       0.3370     0.0688       1.4947            96.0000      425.737
pact_partner_lead                3p       0.3290     0.0441      -1.1871           118.0000      425.737
attack_target_lead               4p       0.3238     0.0481       0.8551           156.0000      411.919
my_event_threat                  3p       0.3181     0.0760       0.6515           207.8531      425.737
wonder_progress                  3p       0.2981     0.0828      14.1013             9.0000      425.737
best_library                     4p       0.2830     0.0064      38.8587             3.0000      411.919
workers_late                     2p       0.2824     0.6727      51.5122             1.2895      235.219
best_farm                        4p       0.2752     0.0080      37.7806             3.0000      411.919
unit_workers                     4p       0.2679     0.4678     -55.1685             2.0000      411.919
attack_target_weakness           2p       0.2643     0.0764       4.7814            13.0000      235.219
science_gap                      2p       0.2231     0.3191      -5.2488            10.0000      235.219
uprising                         3p       0.2124     0.0305      -5.3197            17.0000      425.737
wonder_potential                 2p       0.2063     0.2012       1.2933            37.5272      235.219
wonder_potential                 3p       0.2047     0.1694       2.1491            40.5467      425.737
ma_left                          3p       0.2015     0.5792      28.5976             3.0000      425.737
workers_late                     4p       0.1986     0.6849      60.0000             1.3631      411.919
hand_potential                   3p       0.1930     0.5656       0.6643           123.6559      425.737
wonder_potential                 4p       0.1888     0.2280       3.0784            25.2678      411.919
best_theater                     3p       0.1834     0.0080     -39.0375             2.0000      425.737
hand_potential                   4p       0.1801     0.6251       1.1202            66.2195      411.919
workers                          4p       0.1613     0.6383      52.6225             1.2626      411.919
special_techs                    4p       0.1457     0.0121      60.0000             1.0000      411.919
best_unit                        4p       0.1417     0.0018      19.4516             3.0000      411.919
attack_cost_doubled              3p       0.1409     0.0017      60.0000             1.0000      425.737
strength_rel_early               2p       0.1400     0.6298     -14.3010             2.3026      235.219
best_mine                        3p       0.1381     0.0021      19.5980             3.0000      425.737
colonies                         3p       0.1332     0.0096      56.6954             1.0000      425.737
rival_free_ca                    2p       0.1296     0.0001     -30.4945             1.0000      235.219
auction_bid                      2p       0.1276     0.0556      -3.3358             9.0000      235.219
wonder_promise                   4p       0.1218     0.3549       2.1852            22.9690      411.919
wonder_promise                   2p       0.1209     0.3762       0.9215            30.8693      235.219
hand_civil                       4p       0.1147     0.5873     -23.6204             2.0000      411.919
leader                           2p       0.1101     0.0460      25.9028             1.0000      235.219
auction_bid                      4p       0.1097     0.0152       3.4770            13.0000      411.919
best_lab                         3p       0.1044     0.0042     -22.2258             2.0000      425.737
hand_potential                   2p       0.0990     0.6159       0.7437            31.3066      235.219
strength_rel_early               3p       0.0945     0.5599     -16.8946             2.3824      425.737
end_turn_bias                    4p       0.0928     0.6847     -38.2398             1.0000      411.919
colonize_bonus                   2p       0.0905     0.0006       5.3244             4.0000      235.219
tactic_level                     3p       0.0904     0.2034      19.2468             2.0000      425.737
hand_mil_potential               3p       0.0894     0.7206      -0.0633           601.1473      425.737
wonder_promise                   3p       0.0883     0.3306       0.9835            38.2155      425.737
science                          3p       0.0850     0.3052      -6.0296             6.0000      425.737
ca_left                          3p       0.0836     0.5154      -7.1222             5.0000      425.737
yellow_bank                      3p       0.0835     0.2139     -17.7815             2.0000      425.737
war_immune                       4p       0.0819     0.0013      33.7552             1.0000      411.919
rival_resource_stock             2p       0.0815     0.0135       3.8335             5.0000      235.219
my_event_threat                  2p       0.0814     0.1116       0.5140            37.2570      235.219
strength_rel_early               4p       0.0775     0.6066      15.7441             2.0279      411.919
resource_rate                    3p       0.0769     0.5539       7.8257             4.1839      425.737
workers                          3p       0.0732     0.5376      22.2451             1.4000      425.737
wonder_stages_left               2p       0.0726     0.2497      -3.4148             5.0000      235.219
tactic_level                     4p       0.0713     0.2389     -14.6945             2.0000      411.919
rival_colonies                   2p       0.0683     0.0038      16.0614             1.0000      235.219
rival_hand_potential             4p       0.0671     0.0931      11.3554             2.4331      411.919
wonder_remaining                 3p       0.0666     0.2195      -1.7721            16.0000      425.737
workers_late                     3p       0.0603     0.5764      22.8533             1.1235      425.737
rival_yellow_bank                2p       0.0600     0.0675      -7.0599             2.0000      235.219
best_unit                        3p       0.0540     0.0139      11.5030             2.0000      425.737
free_workers                     2p       0.0537     0.6550       6.3142             2.0000      235.219
pact_partner_lead                4p       0.0536     0.0212      -0.1325           166.5000      411.919
prod_workers                     2p       0.0530     0.5251       6.2278             2.0000      235.219
row_bargain_forgone              3p       0.0475     0.4499       2.8880             7.0000      425.737
resource_rate                    4p       0.0474     0.6834       4.5434             4.3006      411.919
culture                          2p       0.0468     0.5236       1.0000            11.0000      235.219
has_colony                       2p       0.0438     0.0058      10.3002             1.0000      235.219
culture                          4p       0.0437     0.4751       1.0000            18.0000      411.919
culture_surplus                  4p       0.0436     0.1351       0.8560            21.0000      411.919
free_workers                     4p       0.0430     0.6766      -8.8582             2.0000      411.919
num_techs                        3p       0.0430     0.0416      18.3016             1.0000      425.737
wonders                          3p       0.0426     0.0183      18.1246             1.0000      425.737
colonies                         2p       0.0416     0.0083      -9.7787             1.0000      235.219
best_unit                        2p       0.0414     0.0231       4.8665             2.0000      235.219
colonies                         4p       0.0397     0.0053     -16.3580             1.0000      411.919
take_cost_paid                   3p       0.0371     0.4128      -3.9479             4.0000      425.737
strength_deficit                 2p       0.0349     0.4128      -2.0513             4.0000      235.219
leader                           4p       0.0343     0.0465     -14.1362             1.0000      411.919
end_turn_bias                    3p       0.0324     0.5611     -13.7911             1.0000      425.737
consumption_headroom             3p       0.0321     0.2118       4.5579             3.0000      425.737
rival_culture_rate               4p       0.0318     0.0068      -8.7278             1.5000      411.919
strength_rel                     3p       0.0287     0.5851       2.4432             5.0000      425.737
resource_surplus                 2p       0.0277     0.5417       1.0845             6.0000      235.219
rival_science_stock              4p       0.0268     0.0171      -1.8416             6.0000      411.919
rival_science_stock              2p       0.0252     0.0101       0.9875             6.0000      235.219
worker_surplus                   4p       0.0236     0.1712       4.8643             2.0000      411.919
hand_mil_value                   4p       0.0235     0.7266       0.6466            15.0000      411.919
culture_gap                      3p       0.0229     0.2334      -1.2176             8.0000      425.737
rival_resource_stock             4p       0.0222     0.0110       1.5231             6.0000      411.919
tech_levels_late                 2p       0.0217     0.3270       3.1557             1.6184      235.219
culture                          3p       0.0211     0.3469       1.0000             9.0000      425.737
civil_action_gap                 3p       0.0207     0.4906      -2.1992             4.0000      425.737
strength_rel_late                4p       0.0202     0.6427       2.4669             3.3743      411.919
best_theater                     2p       0.0202     0.0052       2.3710             2.0000      235.219
food_gap                         2p       0.0198     0.3259      -1.1666             4.0000      235.219
pact_blocks_attack               4p       0.0198     0.0198       8.1674             1.0000      411.919
wonder_turns_to_finish           3p       0.0190     0.3152      -1.7934             4.5000      425.737
civil_action_surplus             4p       0.0186     0.5887       1.2780             6.0000      411.919
take_cost_share                  2p       0.0184     0.4763       5.1978             0.8333      235.219
strength_lead                    4p       0.0181     0.1473      -1.8691             4.0000      411.919
rival_mean_culture               4p       0.0180     0.0288       0.1658            44.6667      411.919
science                          4p       0.0172     0.4324      -0.7865             9.0000      411.919
science_gap                      3p       0.0172     0.2927      -0.8125             9.0000      425.737
wonder_overrun                   3p       0.0169     0.0219      -0.5199            13.8801      425.737
rival_food_stock                 4p       0.0165     0.0141       0.8484             8.0000      411.919
civil_action_gap                 2p       0.0150     0.5996      -0.8846             4.0000      235.219
row_last_copy                    4p       0.0148     0.6299       1.2223             5.0000      411.919
rival_free_workers               4p       0.0147     0.0121       6.0615             1.0000      411.919
military_actions                 2p       0.0144     0.0344       1.1288             3.0000      235.219
hand_mil_value                   2p       0.0141     0.6521       0.2757            12.0000      235.219
culture_gap                      4p       0.0139     0.3719      -0.3571            16.0000      411.919
worker_gap                       4p       0.0136     0.5113      -2.7973             2.0000      411.919
rival_culture                    4p       0.0133     0.0267      -0.1119            49.0000      411.919
food_stock                       2p       0.0126     0.3569       0.7428             4.0000      235.219
happy_margin                     4p       0.0120     0.3773      -1.6468             3.0000      411.919
rival_culture                    3p       0.0119     0.0199       0.1535            33.0000      425.737
ca_left                          4p       0.0118     0.6471       0.6963             7.0000      411.919
civil_actions                    2p       0.0113     0.0133       0.8845             3.0000      235.219
worker_gap                       2p       0.0111     0.4721      -1.3101             2.0000      235.219
event_scoring_margin             2p       0.0109     0.2490       0.2565            10.0000      235.219
science_surplus                  3p       0.0106     0.3420      -0.6435             7.0000      425.737
military_actions                 4p       0.0104     0.0670       2.1446             2.0000      411.919
best_lab                         2p       0.0103     0.0182      -1.2167             2.0000      235.219
resource_stock                   2p       0.0103     0.5644       0.4046             6.0000      235.219
culture_surplus                  3p       0.0103     0.1360      -0.4386            10.0000      425.737
no_aggression                    4p       0.0103     0.0015      -4.2355             1.0000      411.919
resource_commitment_turns        2p       0.0102     0.6203      -0.1502            16.0000      235.219
blue_free                        2p       0.0101     0.5776       0.3389             7.0000      235.219
end_turn_bias                    2p       0.0100     0.6587      -2.3476             1.0000      235.219
row_bargain_forgone              2p       0.0098     0.5909       0.2899             7.9531      235.219
hand_perishable                  3p       0.0094     0.4184      -2.8415             1.4140      425.737
strength_deficit                 4p       0.0094     0.4206      -0.9700             4.0000      411.919
resource_gap                     4p       0.0093     0.3043      -1.2718             3.0000      411.919
wonder_turns_to_finish           2p       0.0092     0.3582      -0.5414             4.0000      235.219
free_worker_wall                 2p       0.0090     0.5659      -0.1114            19.0000      235.219
food_rate                        2p       0.0090     0.6063      -1.0516             2.0054      235.219
best_mine                        4p       0.0088     0.0026      -1.2100             3.0000      411.919
row_playable_count               2p       0.0087     0.5996       0.1579            13.0000      235.219
science                          2p       0.0087     0.3773      -0.2910             7.0000      235.219
best_farm                        3p       0.0084     0.0031      -1.1984             3.0000      425.737
hand_civil                       3p       0.0083     0.4266       1.7602             2.0000      425.737
blue_free                        4p       0.0083     0.5665      -0.3783             9.0000      411.919
hand_mil_value                   3p       0.0082     0.5516       0.2924            12.0000      425.737
uprising                         4p       0.0082     0.0354      -0.0732            46.0000      411.919
colonize_bonus                   4p       0.0080     0.0069       0.8206             4.0000      411.919
science_surplus                  2p       0.0079     0.4829      -0.2668             7.0000      235.219
wonder_stages_left               4p       0.0077     0.1821      -0.6385             5.0000      411.919
hand_military                    4p       0.0077     0.6814      -0.7925             4.0000      411.919
row_playable_count               3p       0.0077     0.4949       0.2725            12.0000      425.737
resource_gap                     3p       0.0075     0.2578      -1.0634             3.0000      425.737
tech_levels_late                 4p       0.0075     0.3307       2.1296             1.4413      411.919
tactic_gain                      3p       0.0074     0.2621       0.7836             4.0000      425.737
strength_lead                    2p       0.0072     0.2744       0.3402             5.0000      235.219
best_temple                      3p       0.0070     0.0039       1.4872             2.0000      425.737
row_urgency                      4p       0.0068     0.6824      -0.1679            16.7975      411.919
wonder_overrun                   2p       0.0067     0.0175      -0.5351             2.9325      235.219
best_temple                      2p       0.0066     0.0422      -0.7801             2.0000      235.219
hand_military                    2p       0.0066     0.6297       0.3875             4.0000      235.219
row_urgency                      2p       0.0066     0.6520       0.0502            30.7512      235.219
food_rate                        4p       0.0063     0.6426       0.6461             4.0159      411.919
pacts                            3p       0.0061     0.0880      -1.7307             1.5000      425.737
strength_rel                     2p       0.0059     0.6286       0.2324             6.0000      235.219
tech_levels                      4p       0.0059     0.3261       3.3145             0.7318      411.919
strength_rel_late                2p       0.0059     0.6674      -0.3115             4.4408      235.219
unit_workers                     3p       0.0058     0.5280      -1.2298             2.0000      425.737
resource_surplus                 4p       0.0053     0.5111      -0.2432             9.0000      411.919
gov_level                        3p       0.0053     0.0117      -1.1228             2.0000      425.737
tactic_short                     2p       0.0053     0.4706      -0.6178             2.0000      235.219
discontent                       3p       0.0051     0.1149      -1.0816             2.0000      425.737
num_techs                        4p       0.0050     0.0487       2.0749             1.0000      411.919
free_workers                     3p       0.0048     0.5570       1.0323             2.0000      425.737
food_surplus                     4p       0.0048     0.2161       0.2492             8.0000      411.919
wonder_turns_to_finish           4p       0.0044     0.3252      -0.6052             3.0000      411.919
best_arena                       3p       0.0044     0.0031      -0.6231             3.0000      425.737
rival_mil_actions                4p       0.0044     0.0167       1.7984             1.0000      411.919
rival_hand_potential             3p       0.0043     0.1941       0.1258            14.4763      425.737
rival_hand_civil                 4p       0.0042     0.0040       0.4343             4.0000      411.919
row_bargain_forgone              4p       0.0042     0.6706       0.6811             2.5233      411.919
pact_blocks_attack               3p       0.0042     0.0281      -1.7689             1.0000      425.737
my_seeded_pending                3p       0.0041     0.0928       0.5852             3.0000      425.737
tactic_gain                      4p       0.0041     0.2037       0.8343             2.0000      411.919
rival_yellow_bank                4p       0.0040     0.0154       0.8186             2.0000      411.919
ma_left                          4p       0.0039     0.6179      -0.5409             3.0000      411.919
wonder_progress                  2p       0.0038     0.0897      -0.1130             8.0000      235.219
rival_hand_civil                 2p       0.0038     0.0129      -0.2234             4.0000      235.219
yellow_bank                      2p       0.0038     0.2031      -0.4431             2.0000      235.219
hand_value_late                  3p       0.0037     0.4868       0.2288             6.9647      425.737
resource_gap                     2p       0.0037     0.3003      -0.2184             4.0000      235.219
resource_rate                    2p       0.0037     0.6449       0.2144             4.0471      235.219
hand_mil_potential               2p       0.0037     0.7678      -0.0049           175.1938      235.219
rival_strength                   4p       0.0036     0.0028      -0.7516             2.0000      411.919
auction_committed                3p       0.0036     0.0713      -1.5413             1.0000      425.737
hand_value                       4p       0.0036     0.5871       0.5277             2.7933      411.919
worker_gap                       3p       0.0035     0.4091      -0.7514             2.0000      425.737
rival_resource_stock             3p       0.0035     0.0185       0.2950             5.0000      425.737
science_rate                     2p       0.0033     0.4293       0.3899             1.9982      235.219
happy_margin                     2p       0.0033     0.3848       0.3894             2.0000      235.219
rival_yellow_bank                3p       0.0033     0.0237       0.6985             2.0000      425.737
best_farm                        2p       0.0031     0.0021       0.2467             3.0000      235.219
best_lab                         4p       0.0031     0.0019      -0.4299             3.0000      411.919
consumption_headroom             4p       0.0031     0.2375      -0.4215             3.0000      411.919
rival_hand_potential             2p       0.0030     0.1393      -0.1606             4.4670      235.219
food_surplus                     3p       0.0030     0.1761       0.3211             4.0000      425.737
tech_levels                      2p       0.0027     0.3231      -0.8709             0.7237      235.219
wonder_remaining                 4p       0.0026     0.1821      -0.0679            16.0000      411.919
best_arena                       2p       0.0026     0.0032       0.2054             3.0000      235.219
civil_actions                    3p       0.0025     0.0133       0.5290             2.0000      425.737
row_last_copy                    3p       0.0024     0.4756       0.1452             7.0000      425.737
rival_mean_culture               3p       0.0024     0.0239      -0.0397            25.5000      425.737
auction_committed                2p       0.0023     0.0556       0.5405             1.0000      235.219
culture_surplus                  2p       0.0022     0.2813      -0.0391            13.0000      235.219
discontent                       4p       0.0021     0.0964      -0.4395             2.0000      411.919
build_discount                   4p       0.0020     0.0053       0.1635             5.0000      411.919
rival_building_wonder            2p       0.0019     0.0007      -0.4524             1.0000      235.219
science_need_row                 2p       0.0019     0.2963      -0.0875             5.0000      235.219
tactic_gain                      2p       0.0019     0.2630       0.1457             3.0000      235.219
auction_bid                      3p       0.0018     0.0713      -0.0791             9.5000      425.737
urban_limit                      3p       0.0018     0.0111       0.7487             1.0000      425.737
rival_colonies                   4p       0.0017     0.0010      -0.7039             1.0000      411.919
happy_surplus                    3p       0.0017     0.3455       0.2355             3.0000      425.737
culture_gap                      2p       0.0016     0.2814      -0.0376            10.0000      235.219
wonder_pool_rival_claimed        3p       0.0016     0.0027      -0.6800             1.0000      425.737
rival_colonies                   3p       0.0016     0.0028      -0.6723             1.0000      425.737
science_surplus                  4p       0.0016     0.6175       0.0541            12.0000      411.919
has_unit                         2p       0.0015     0.1771      -0.3634             1.0000      235.219
food_gap                         3p       0.0015     0.2559      -0.1584             4.0000      425.737
corruption_headroom              2p       0.0015     0.5391      -0.0869             4.0000      235.219
civil_action_surplus             2p       0.0015     0.4766       0.0856             4.0000      235.219
build_discount                   2p       0.0014     0.0030       0.0563             6.0000      235.219
resource_commitment_turns        3p       0.0014     0.5568      -0.0381            16.0000      425.737
urban_limit                      4p       0.0014     0.0147       0.5860             1.0000      411.919
rival_building_wonder            3p       0.0014     0.0028      -0.5977             1.0000      425.737
resource_surplus                 3p       0.0014     0.3907      -0.0994             6.0000      425.737
hand_value_late                  2p       0.0014     0.6009       0.0434             7.5789      235.219
best_library                     2p       0.0014     0.0065       0.1596             2.0000      235.219
wonder_in_progress               2p       0.0013     0.1817       0.3166             1.0000      235.219
hand_perishable                  2p       0.0013     0.5271      -0.2143             1.4732      235.219
rival_food_stock                 3p       0.0013     0.0153      -0.0787             7.0000      425.737
hand_over_capacity               4p       0.0013     0.4625      -0.5252             1.0000      411.919
science_rate                     3p       0.0013     0.4420       0.2157             2.4815      425.737
wonder_age_overrun               4p       0.0012     0.0311      -0.1443             3.5429      411.919
worker_surplus                   2p       0.0012     0.2345      -0.1434             2.0000      235.219
wonder_remaining                 2p       0.0012     0.2497      -0.0179            16.0000      235.219
urban_limit                      2p       0.0012     0.0114       0.1395             2.0000      235.219
take_cost_paid                   2p       0.0012     0.4756      -0.0689             4.0000      235.219
wonder_age_overrun               3p       0.0011     0.0300      -0.0351            13.7670      425.737
hand_over_capacity               3p       0.0011     0.3491      -0.2415             2.0000      425.737
hand_value                       2p       0.0011     0.5647       0.0954             2.7895      235.219
wonder_pool_rival_claimed        2p       0.0011     0.0106      -0.1325             2.0000      235.219
wonder_stages_per_action         2p       0.0011     0.0030       0.0865             3.0000      235.219
has_colony                       4p       0.0011     0.0039       0.4490             1.0000      411.919
workers                          2p       0.0011     0.6303       0.1782             1.4342      235.219
hand_military                    3p       0.0011     0.5257      -0.1495             3.0000      425.737
gov_level                        2p       0.0010     0.0115       0.0800             3.0000      235.219
military_action_surplus          3p       0.0010     0.1698       0.1417             3.0000      425.737
civil_actions                    4p       0.0010     0.0230       0.1364             3.0000      411.919
rival_building_wonder            4p       0.0010     0.0014       0.3938             1.0000      411.919
leader                           3p       0.0010     0.0540       0.4069             1.0000      425.737
prod_workers                     4p       0.0009     0.5878      -0.1942             2.0000      411.919
rival_mil_actions                2p       0.0009     0.0057       0.1032             2.0000      235.219
my_seeded_pending                2p       0.0009     0.0811       0.0687             3.0000      235.219
special_techs                    3p       0.0009     0.0040      -0.3696             1.0000      425.737
hand_value_late                  4p       0.0009     0.6297       0.0487             7.2849      411.919
tactic_short                     4p       0.0008     0.4215      -0.1726             2.0000      411.919
wonder_stages_per_action         4p       0.0008     0.0053       0.1690             2.0000      411.919
row_last_copy                    2p       0.0008     0.6050       0.0207             9.1000      235.219
resource_stock                   4p       0.0008     0.5301      -0.0318            10.0000      411.919
build_discount                   3p       0.0008     0.0020       0.0656             5.0000      425.737
free_worker_wall                 3p       0.0008     0.4595      -0.0148            22.0000      425.737
best_arena                       4p       0.0008     0.0037       0.1048             3.0000      411.919
take_cost_paid                   4p       0.0007     0.5751       0.0745             4.0000      411.919
rival_culture_deficit            2p       0.0007     0.2843      -0.0819             2.0000      235.219
strength_rel_late                3p       0.0007     0.6021      -0.0735             4.0000      425.737
unit_workers                     2p       0.0007     0.5997      -0.0812             2.0000      235.219
tactic_short                     3p       0.0007     0.4461      -0.1406             2.0000      425.737
military_action_gap              3p       0.0006     0.6447      -0.0873             3.0000      425.737
tech_levels                      3p       0.0006     0.2055      -0.3421             0.7353      425.737
military_action_surplus          2p       0.0006     0.3078       0.0463             3.0000      235.219
has_unit                         3p       0.0006     0.1728       0.2507             1.0000      425.737
has_colony                       3p       0.0006     0.0069       0.2484             1.0000      425.737
rival_free_ca                    4p       0.0006     0.0000      -0.2392             1.0000      411.919
pacts                            4p       0.0006     0.0795      -0.1536             1.5000      411.919
my_seeded_pending                4p       0.0006     0.0919      -0.0757             3.0000      411.919
yellow_bank                      4p       0.0006     0.2426       0.2266             1.0000      411.919
pop_cost                         2p       0.0005     0.0661      -0.1283             1.0000      235.219
hand_limit                       4p       0.0005     0.0027       0.1118             2.0000      411.919
wonder_pool_rival_claimed        4p       0.0005     0.0060       0.1088             2.0000      411.919
rival_food_stock                 2p       0.0005     0.0127      -0.0207             6.0000      235.219
food_stock                       4p       0.0005     0.4187       0.0271             8.0000      411.919
strength_lead                    3p       0.0005     0.1775      -0.0558             4.0000      425.737
hand_civil                       2p       0.0005     0.5237      -0.0608             2.0000      235.219
science_need_row                 4p       0.0005     0.2604      -0.0531             4.0000      411.919
war_immune                       3p       0.0005     0.0024       0.2089             1.0000      425.737
leader_replacement               4p       0.0005     0.0952       0.1992             1.0000      411.919
rival_free_workers               3p       0.0005     0.0104       0.2028             1.0000      425.737
rival_culture_deficit            3p       0.0005     0.3323       0.1000             2.0000      425.737
attack_cost_doubled              2p       0.0005     0.0032       0.1103             1.0000      235.219
wonder_one_stage_short           3p       0.0005     0.0402      -0.1952             1.0000      425.737
rival_mil_actions                3p       0.0004     0.0090       0.0949             2.0000      425.737
happy_surplus                    4p       0.0004     0.4389       0.0607             3.0000      411.919
attack_cost_doubled              4p       0.0004     0.0015       0.1791             1.0000      411.919
urban_workers                    2p       0.0004     0.5262      -0.0498             2.0000      235.219
military_action_surplus          4p       0.0004     0.2437       0.0575             3.0000      411.919
hand_value                       3p       0.0004     0.4570       0.0618             2.8824      425.737
food_rate                        3p       0.0004     0.4792      -0.0657             2.6755      425.737
food_surplus                     2p       0.0004     0.1471       0.0237             4.0000      235.219
ca_left                          2p       0.0004     0.6199      -0.0189             5.0000      235.219
wonder_overrun                   4p       0.0004     0.0261      -0.0451             3.5000      411.919
rival_free_workers               2p       0.0004     0.0092       0.0862             1.0000      235.219
civil_action_surplus             3p       0.0004     0.3699       0.0378             4.0000      425.737
leader_replacement               2p       0.0004     0.0742      -0.0832             1.0000      235.219
prod_workers                     3p       0.0003     0.4475      -0.0744             2.0000      425.737
row_urgency                      3p       0.0003     0.4917       0.0048            30.7231      425.737
science_rate                     4p       0.0003     0.5921      -0.0621             2.2631      411.919
pop_cost                         3p       0.0003     0.0494      -0.1329             1.0000      425.737
best_mine                        2p       0.0003     0.0072      -0.0366             2.0000      235.219
rival_science_stock              3p       0.0003     0.0125      -0.0206             6.0000      425.737
rival_strength                   3p       0.0003     0.0039      -0.0619             2.0000      425.737
special_techs                    2p       0.0003     0.0050       0.0677             1.0000      235.219
wonder_progress                  4p       0.0003     0.1204      -0.0129             9.0000      411.919
wonder_one_stage_short           2p       0.0003     0.0545      -0.0629             1.0000      235.219
happy_surplus                    2p       0.0002     0.4185       0.0182             3.0000      235.219
civil_action_gap                 4p       0.0002     0.5026      -0.0231             4.0000      411.919
auction_committed                4p       0.0002     0.0152      -0.0868             1.0000      411.919
urban_workers                    4p       0.0002     0.5898       0.0429             2.0000      411.919
wonder_stages_per_action         3p       0.0002     0.0020       0.0437             2.0000      425.737
wonder_one_stage_short           4p       0.0002     0.0675      -0.0842             1.0000      411.919
leader_replacement               3p       0.0002     0.0848      -0.0852             1.0000      425.737
has_unit                         4p       0.0002     0.2364       0.0784             1.0000      411.919
gov_level                        4p       0.0002     0.0171      -0.0365             2.0000      411.919
strength_rel                     4p       0.0002     0.5390      -0.0143             5.0000      411.919
best_temple                      4p       0.0002     0.0078      -0.0332             2.0000      411.919
happy_margin_after_next_pop      2p       0.0002     0.1599      -0.0183             2.0000      235.219
num_techs                        2p       0.0002     0.0896      -0.0356             1.0000      235.219
consumption_headroom             2p       0.0002     0.2024       0.0118             3.0000      235.219
my_event_threat                  4p       0.0001     0.0734      -0.0035            17.7163      411.919
famine_deficit                   2p       0.0001     0.1422      -0.0171             2.0000      235.219
hand_limit                       3p       0.0001     0.0001       0.0266             2.0000      425.737
tech_levels_late                 3p       0.0001     0.2064      -0.0361             1.4235      425.737
wonder_in_progress               3p       0.0001     0.1558       0.0497             1.0000      425.737
wonder_stages_left               3p       0.0001     0.2195      -0.0090             5.0000      425.737
tactic_level                     2p       0.0001     0.1518      -0.0115             2.0000      235.219
rival_wonder_deficit             3p       0.0001     0.0099      -0.0407             1.0000      425.737
colonize_bonus                   3p       0.0001     0.0049       0.0203             2.0000      425.737
ma_left                          2p       0.0001     0.6717       0.0066             3.0000      235.219
wonder_age_overrun               2p       0.0001     0.0241      -0.0057             3.0000      235.219
no_aggression                    3p       0.0001     0.0017      -0.0304             1.0000      425.737
rival_science_deficit            2p       0.0001     0.2126       0.0167             1.0000      235.219
discontent                       2p       0.0001     0.0974      -0.0158             1.0000      235.219
corruption_headroom              3p       0.0001     0.4369      -0.0070             4.0000      425.737
take_cost_share                  4p       0.0001     0.5753       0.0356             0.7500      411.919
wonder_in_progress               4p       0.0001     0.0936      -0.0258             1.0000      411.919
take_cost_share                  3p       0.0001     0.4131       0.0298             0.8000      425.737
urban_workers                    3p       0.0001     0.4513       0.0107             2.0000      425.737
rival_free_ca                    3p       0.0000     0.0001      -0.0207             1.0000      425.737
military_actions                 3p       0.0000     0.0453       0.0098             2.0000      425.737
best_library                     3p       0.0000     0.0026      -0.0092             2.0000      425.737
happy_margin_after_next_pop      3p       0.0000     0.1640      -0.0079             2.0000      425.737
happy_margin                     3p       0.0000     0.3719       0.0077             2.0000      425.737
science_need_row                 3p       0.0000     0.3100      -0.0024             5.0000      425.737
rival_wonder_deficit             2p       0.0000     0.0085       0.0064             1.0000      235.219
rival_culture_rate               3p       0.0000     0.0129      -0.0074             1.5000      425.737
pop_cost                         4p       0.0000     0.0728      -0.0049             2.0000      411.919
rival_science_deficit            3p       0.0000     0.3416      -0.0042             2.0000      425.737
rival_hand_civil                 3p       0.0000     0.0041       0.0019             3.0000      425.737
hand_over_capacity               2p       0.0000     0.3656      -0.0025             1.0000      235.219
worker_surplus                   3p       0.0000     0.1729      -0.0019             2.0000      425.737
corruption_headroom              4p       0.0000     0.5094      -0.0009             4.0000      411.919
food_gap                         4p       0.0000     0.3664      -0.0004             4.0000      411.919
rate_horizon                     2p       0.0000     0.0000      -0.3179             0.0000      235.219
rival_desire                     2p       0.0000     0.0000      -0.2030             0.0000      235.219
rival_take_share                 2p       0.0000     0.0000       0.0481             0.0000      235.219
rival_wonders                    2p       0.0000     0.0000      -1.4813             0.0000      235.219
attack_target_lead               2p       0.0000     0.0000      -0.8588             0.0000      235.219
pact_partner_lead                2p       0.0000     0.0000      -0.1469             0.0000      235.219
pacts                            2p       0.0000     0.0000       0.0419             0.0000      235.219
pact_blocks_attack               2p       0.0000     0.0000       0.1241             0.0000      235.219
war_immune                       2p       0.0000     0.0000       0.0675             0.0000      235.219
wonders                          2p       0.0000     0.0210       0.0000             1.0000      235.219
hand_limit                       2p       0.0000     0.0000       0.0000             0.0000      235.219
resource_discount                2p       0.0000     0.0000       1.5681             0.0000      235.219
defense_bonus                    2p       0.0000     0.0000       0.0719             0.0000      235.219
gov_action_cost                  2p       0.0000     0.0000       0.2504             0.0000      235.219
no_aggression                    2p       0.0000     0.0032       0.0000             1.0000      235.219
card_board_credit                2p       0.0000     0.0000       0.3262             0.0000      235.219
card_board_leader                2p       0.0000     0.0000      -0.2398             0.0000      235.219
hand_swap_extra                  2p       0.0000     0.0000      -2.4076             0.0000      235.219
card_rate_credit                 2p       0.0000     0.0000       0.3441             0.0000      235.219
unit_strength_credit             2p       0.0000     0.0000       0.0599             0.0000      235.219
unit_tech_credit                 2p       0.0000     0.0000       0.1139             0.0000      235.219
tech_board_credit                2p       0.0000     0.0000       0.0302             0.0000      235.219
action_board_credit              2p       0.0000     0.0000       1.2289             0.0000      235.219
gov_board_credit                 2p       0.0000     0.0000       0.0000             0.0000      235.219
wonder_board_credit              2p       0.0000     0.0000       0.0000             0.0000      235.219
build_fresh_credit               2p       0.0000     0.0000       0.2506             0.0000      235.219
restricted_resource_credit       2p       0.0000     0.0000       0.0000             0.0000      235.219
free_action_credit               2p       0.0000     0.0000       0.0735             0.0000      235.219
territory_credit                 2p       0.0000     0.0000       0.5698             0.0000      235.219
bonus_card_credit                2p       0.0000     0.0000      -0.3731             0.0000      235.219
tactic_board_credit              2p       0.0000     0.0000       0.1949             0.0000      235.219
aggression_board_credit          2p       0.0000     0.0000       1.8717             0.0000      235.219
war_board_credit                 2p       0.0000     0.0000       1.8480             0.0000      235.219
pact_board_credit                2p       0.0000     0.0000       0.6094             0.0000      235.219
event_board_credit               2p       0.0000     0.0000       0.4189             0.0000      235.219
tactic_shortfall_cost            2p       0.0000     0.0000       0.2525             0.0000      235.219
tactic_reach_credit              2p       0.0000     0.0000       0.0339             0.0000      235.219
rival_culture_rate               2p       0.0000     0.0000       5.2281             0.0000      235.219
rival_science_rate               2p       0.0000     0.0000      -0.0470             0.0000      235.219
rival_strength                   2p       0.0000     0.0000       0.3084             0.0000      235.219
culture_rate_trailing            2p       0.0000     0.0000      -0.5120             0.0000      235.219
science_rate_trailing            2p       0.0000     0.0000      46.9884             0.0000      235.219
food_stock_needed                2p       0.0000     0.0000      -0.0023             0.0000      235.219
resource_stock_needed            2p       0.0000     0.0000      -0.0017             0.0000      235.219
science_needed                   2p       0.0000     0.0000      -0.1008             0.0000      235.219
free_workers_needed              2p       0.0000     0.0000       0.2803             0.0000      235.219
military_action_gap              2p       0.0000     0.6372       0.0000             3.0000      235.219
tech_redundancy_discount         2p       0.0000     0.0000       0.3425             0.0000      235.219
rate_horizon                     3p       0.0000     0.0000       0.5018             0.0000      425.737
famine_deficit                   3p       0.0000     0.1095       0.0000             2.0000      425.737
rival_desire                     3p       0.0000     0.0000      11.7069             0.0000      425.737
rival_take_share                 3p       0.0000     0.0000      -0.0151             0.0000      425.737
rival_wonders                    3p       0.0000     0.0000      -0.0465             0.0000      425.737
strength_deficit                 3p       0.0000     0.4520       0.0000             5.0000      425.737
resource_discount                3p       0.0000     0.0000       0.4404             0.0000      425.737
defense_bonus                    3p       0.0000     0.0000       0.2696             0.0000      425.737
gov_action_cost                  3p       0.0000     0.0000      -4.6661             0.0000      425.737
card_board_credit                3p       0.0000     0.0000       0.2639             0.0000      425.737
card_board_leader                3p       0.0000     0.0000      -0.0536             0.0000      425.737
hand_swap_extra                  3p       0.0000     0.0000       0.1593             0.0000      425.737
card_rate_credit                 3p       0.0000     0.0000     -17.4456             0.0000      425.737
unit_strength_credit             3p       0.0000     0.0000       0.0042             0.0000      425.737
unit_tech_credit                 3p       0.0000     0.0000       0.8307             0.0000      425.737
tech_board_credit                3p       0.0000     0.0000       0.0247             0.0000      425.737
action_board_credit              3p       0.0000     0.0000       0.1144             0.0000      425.737
gov_board_credit                 3p       0.0000     0.0000       0.4766             0.0000      425.737
wonder_board_credit              3p       0.0000     0.0000       0.0116             0.0000      425.737
build_fresh_credit               3p       0.0000     0.0000       0.0920             0.0000      425.737
restricted_resource_credit       3p       0.0000     0.0000       0.1337             0.0000      425.737
free_action_credit               3p       0.0000     0.0000       0.0000             0.0000      425.737
territory_credit                 3p       0.0000     0.0000       0.1552             0.0000      425.737
bonus_card_credit                3p       0.0000     0.0000       0.8540             0.0000      425.737
tactic_board_credit              3p       0.0000     0.0000       0.0712             0.0000      425.737
aggression_board_credit          3p       0.0000     0.0000       0.1705             0.0000      425.737
war_board_credit                 3p       0.0000     0.0000       0.0385             0.0000      425.737
pact_board_credit                3p       0.0000     0.0000       0.0543             0.0000      425.737
event_board_credit               3p       0.0000     0.0000       0.0477             0.0000      425.737
tactic_shortfall_cost            3p       0.0000     0.0000       0.1407             0.0000      425.737
tactic_reach_credit              3p       0.0000     0.0000       0.1549             0.0000      425.737
rival_science_rate               3p       0.0000     0.0000      -0.0442             0.0000      425.737
culture_rate_trailing            3p       0.0000     0.0000      -0.1266             0.0000      425.737
science_rate_trailing            3p       0.0000     0.0000       0.0266             0.0000      425.737
food_stock_needed                3p       0.0000     0.0000      -0.1359             0.0000      425.737
resource_stock_needed            3p       0.0000     0.0000      -0.1057             0.0000      425.737
science_needed                   3p       0.0000     0.0000      -0.8337             0.0000      425.737
free_workers_needed              3p       0.0000     0.0000      -0.3502             0.0000      425.737
tech_redundancy_discount         3p       0.0000     0.0000       5.8764             0.0000      425.737
rate_horizon                     4p       0.0000     0.0000       0.1672             0.0000      411.919
famine_deficit                   4p       0.0000     0.1183       0.0000             2.0000      411.919
free_worker_wall                 4p       0.0000     0.5392       0.0000            16.0000      411.919
rival_desire                     4p       0.0000     0.0000       9.4111             0.0000      411.919
rival_take_share                 4p       0.0000     0.0000       1.5391             0.0000      411.919
rival_wonders                    4p       0.0000     0.0000      -5.7184             0.0000      411.919
rival_wonder_deficit             4p       0.0000     0.0211       0.0000             1.0000      411.919
rival_science_deficit            4p       0.0000     0.4316       0.0000             2.0000      411.919
rival_culture_deficit            4p       0.0000     0.5052       0.0000             4.0000      411.919
wonders                          4p       0.0000     0.0311       0.0000             1.0000      411.919
resource_discount                4p       0.0000     0.0000       1.9691             0.0000      411.919
defense_bonus                    4p       0.0000     0.0000       0.2071             0.0000      411.919
gov_action_cost                  4p       0.0000     0.0000       0.2749             0.0000      411.919
card_board_credit                4p       0.0000     0.0000       0.2984             0.0000      411.919
card_board_leader                4p       0.0000     0.0000      -0.1120             0.0000      411.919
hand_swap_extra                  4p       0.0000     0.0000       0.0684             0.0000      411.919
card_rate_credit                 4p       0.0000     0.0000      -0.5723             0.0000      411.919
unit_strength_credit             4p       0.0000     0.0000       0.0044             0.0000      411.919
unit_tech_credit                 4p       0.0000     0.0000       0.0045             0.0000      411.919
tech_board_credit                4p       0.0000     0.0000       0.0841             0.0000      411.919
action_board_credit              4p       0.0000     0.0000       0.0427             0.0000      411.919
gov_board_credit                 4p       0.0000     0.0000       0.0000             0.0000      411.919
wonder_board_credit              4p       0.0000     0.0000       0.1674             0.0000      411.919
build_fresh_credit               4p       0.0000     0.0000       0.0265             0.0000      411.919
restricted_resource_credit       4p       0.0000     0.0000       0.0000             0.0000      411.919
free_action_credit               4p       0.0000     0.0000       0.0000             0.0000      411.919
territory_credit                 4p       0.0000     0.0000       0.0000             0.0000      411.919
bonus_card_credit                4p       0.0000     0.0000      -0.5476             0.0000      411.919
tactic_board_credit              4p       0.0000     0.0000       0.0940             0.0000      411.919
aggression_board_credit          4p       0.0000     0.0000       0.1104             0.0000      411.919
war_board_credit                 4p       0.0000     0.0000       0.7861             0.0000      411.919
pact_board_credit                4p       0.0000     0.0000       0.0000             0.0000      411.919
event_board_credit               4p       0.0000     0.0000       0.0063             0.0000      411.919
tactic_shortfall_cost            4p       0.0000     0.0000       0.0547             0.0000      411.919
tactic_reach_credit              4p       0.0000     0.0000       0.4980             0.0000      411.919
hand_perishable                  4p       0.0000     0.4931       0.0000             1.2439      411.919
rival_science_rate               4p       0.0000     0.0000      13.8495             0.0000      411.919
culture_rate_trailing            4p       0.0000     0.0000      -0.0238             0.0000      411.919
science_rate_trailing            4p       0.0000     0.0000      -0.4374             0.0000      411.919
food_stock_needed                4p       0.0000     0.0000      -0.0108             0.0000      411.919
resource_stock_needed            4p       0.0000     0.0000       0.0855             0.0000      411.919
science_needed                   4p       0.0000     0.0000      -0.0215             0.0000      411.919
free_workers_needed              4p       0.0000     0.0000      -0.0709             0.0000      411.919
military_action_gap              4p       0.0000     0.6540       0.0000             3.0000      411.919
tech_redundancy_discount         4p       0.0000     0.0000       1.9218             0.0000      411.919
happy_margin_after_next_pop      4p       0.0000     0.1480       0.0000             2.0000      411.919
resource_commitment_turns        4p       0.0000     0.6787       0.0000            14.0000      411.919
row_playable_count               4p       0.0000     0.6352       0.0000            13.0000      411.919

Keys (key, player-count) pairs with eval_share > 1.0: 3
  1.6573  uprising                         2p       1.6573     0.0236     -20.5170            19.0000      235.219
  1.5547  rival_mean_culture               2p       1.5547     0.0299      15.8998            23.0000      235.219
  1.1364  event_scoring_margin             3p       1.1364     0.2269      34.5562            14.0000      425.737

================================================================================
RUST TABLE -- paste as the body of WeightKey::p95_candidate_spread
================================================================================
// 2p: decisions 9934 p95_total_spread 235.219022
// 3p: decisions 16995 p95_total_spread 425.737338
// 4p: decisions 24861 p95_total_spread 411.919152
const P95_TOTAL_SPREAD: [f64; 3] = [235.219022, 425.737338, 411.919152];
match self {
    WeightKey::RateHorizon => [0.000000, 0.000000, 0.000000],
    WeightKey::Culture => [11.000000, 9.000000, 18.000000],
    WeightKey::CultureRate => [3.508295, 2.796548, 3.938139],
    WeightKey::Science => [7.000000, 6.000000, 9.000000],
    WeightKey::ScienceRate => [1.998155, 2.481466, 2.263097],
    WeightKey::FoodRate => [2.005425, 2.675498, 4.015868],
    WeightKey::ResourceRate => [4.047147, 4.183926, 4.300618],
    WeightKey::FoodStock => [4.000000, 4.000000, 8.000000],
    WeightKey::FamineDeficit => [2.000000, 2.000000, 2.000000],
    WeightKey::ResourceStock => [6.000000, 6.000000, 10.000000],
    WeightKey::BlueFree => [7.000000, 7.000000, 9.000000],
    WeightKey::CorruptionHeadroom => [4.000000, 4.000000, 4.000000],
    WeightKey::ConsumptionHeadroom => [3.000000, 3.000000, 3.000000],
    WeightKey::PopCost => [1.000000, 1.000000, 2.000000],
    WeightKey::YellowBank => [2.000000, 2.000000, 1.000000],
    WeightKey::FreeWorkers => [2.000000, 2.000000, 2.000000],
    WeightKey::FreeWorkerWall => [19.000000, 22.000000, 16.000000],
    WeightKey::Workers => [1.434211, 1.400000, 1.262570],
    WeightKey::ProdWorkers => [2.000000, 2.000000, 2.000000],
    WeightKey::UrbanWorkers => [2.000000, 2.000000, 2.000000],
    WeightKey::UnitWorkers => [2.000000, 2.000000, 2.000000],
    WeightKey::HappyMargin => [2.000000, 2.000000, 3.000000],
    WeightKey::Discontent => [1.000000, 2.000000, 2.000000],
    WeightKey::Uprising => [19.000000, 17.000000, 46.000000],
    WeightKey::CivilActions => [3.000000, 2.000000, 3.000000],
    WeightKey::MilitaryActions => [3.000000, 2.000000, 2.000000],
    WeightKey::CaLeft => [5.000000, 5.000000, 7.000000],
    WeightKey::MaLeft => [3.000000, 3.000000, 3.000000],
    WeightKey::TakeCostPaid => [4.000000, 4.000000, 4.000000],
    WeightKey::RowUrgency => [30.751237, 30.723115, 16.797489],
    WeightKey::RowBargainForgone => [7.953139, 7.000000, 2.523283],
    WeightKey::RowLastCopy => [9.100000, 7.000000, 5.000000],
    WeightKey::RivalDesire => [0.000000, 0.000000, 0.000000],
    WeightKey::RivalTakeShare => [0.000000, 0.000000, 0.000000],
    WeightKey::RivalFreeCa => [1.000000, 1.000000, 1.000000],
    WeightKey::RivalHandCivil => [4.000000, 3.000000, 4.000000],
    WeightKey::RivalWonders => [0.000000, 0.000000, 0.000000],
    WeightKey::RivalWonderDeficit => [1.000000, 1.000000, 1.000000],
    WeightKey::RivalScienceDeficit => [1.000000, 2.000000, 2.000000],
    WeightKey::RivalCultureDeficit => [2.000000, 2.000000, 4.000000],
    WeightKey::RivalHandPotential => [4.466955, 14.476290, 2.433059],
    WeightKey::RivalScienceStock => [6.000000, 6.000000, 6.000000],
    WeightKey::RivalFoodStock => [6.000000, 7.000000, 8.000000],
    WeightKey::RivalResourceStock => [5.000000, 5.000000, 6.000000],
    WeightKey::RivalFreeWorkers => [1.000000, 1.000000, 1.000000],
    WeightKey::RivalYellowBank => [2.000000, 2.000000, 2.000000],
    WeightKey::RivalColonies => [1.000000, 1.000000, 1.000000],
    WeightKey::RivalMilActions => [2.000000, 2.000000, 1.000000],
    WeightKey::RivalBuildingWonder => [1.000000, 1.000000, 1.000000],
    WeightKey::MySeededPending => [3.000000, 3.000000, 3.000000],
    WeightKey::MyEventThreat => [37.256956, 207.853086, 17.716304],
    WeightKey::AttackTargetLead => [0.000000, 96.000000, 156.000000],
    WeightKey::AttackTargetWeakness => [13.000000, 14.000000, 15.000000],
    WeightKey::PactPartnerLead => [0.000000, 118.000000, 166.500000],
    WeightKey::Strength => [6.000000, 5.000000, 5.000000],
    WeightKey::StrengthRel => [6.000000, 5.000000, 5.000000],
    WeightKey::StrengthDeficit => [4.000000, 5.000000, 4.000000],
    WeightKey::StrengthLead => [5.000000, 4.000000, 4.000000],
    WeightKey::TacticLevel => [2.000000, 2.000000, 2.000000],
    WeightKey::TacticGain => [3.000000, 4.000000, 2.000000],
    WeightKey::TacticShort => [2.000000, 2.000000, 2.000000],
    WeightKey::HasUnit => [1.000000, 1.000000, 1.000000],
    WeightKey::Colonies => [1.000000, 1.000000, 1.000000],
    WeightKey::HasColony => [1.000000, 1.000000, 1.000000],
    WeightKey::Pacts => [0.000000, 1.500000, 1.500000],
    WeightKey::PactBlocksAttack => [0.000000, 1.000000, 1.000000],
    WeightKey::WarImmune => [0.000000, 1.000000, 1.000000],
    WeightKey::AttackCostDoubled => [1.000000, 1.000000, 1.000000],
    WeightKey::AuctionCommitted => [1.000000, 1.000000, 1.000000],
    WeightKey::AuctionBid => [9.000000, 9.500000, 13.000000],
    WeightKey::TechLevels => [0.723684, 0.735294, 0.731844],
    WeightKey::GovLevel => [3.000000, 2.000000, 2.000000],
    WeightKey::BestFarm => [3.000000, 3.000000, 3.000000],
    WeightKey::BestMine => [2.000000, 3.000000, 3.000000],
    WeightKey::BestLab => [2.000000, 2.000000, 3.000000],
    WeightKey::BestTemple => [2.000000, 2.000000, 2.000000],
    WeightKey::BestTheater => [2.000000, 2.000000, 3.000000],
    WeightKey::BestLibrary => [2.000000, 2.000000, 3.000000],
    WeightKey::BestArena => [3.000000, 3.000000, 3.000000],
    WeightKey::BestUnit => [2.000000, 2.000000, 3.000000],
    WeightKey::NumTechs => [1.000000, 1.000000, 1.000000],
    WeightKey::SpecialTechs => [1.000000, 1.000000, 1.000000],
    WeightKey::Wonders => [1.000000, 1.000000, 1.000000],
    WeightKey::WonderProgress => [8.000000, 9.000000, 9.000000],
    WeightKey::WonderRemaining => [16.000000, 16.000000, 16.000000],
    WeightKey::WonderStagesLeft => [5.000000, 5.000000, 5.000000],
    WeightKey::WonderTurnsToFinish => [4.000000, 4.500000, 3.000000],
    WeightKey::WonderOverrun => [2.932489, 13.880051, 3.500000],
    WeightKey::WonderStagesPerAction => [3.000000, 2.000000, 2.000000],
    WeightKey::WonderPotential => [37.527217, 40.546673, 25.267783],
    WeightKey::WonderPromise => [30.869253, 38.215500, 22.968995],
    WeightKey::WonderAgeOverrun => [3.000000, 13.767048, 3.542891],
    WeightKey::Leader => [1.000000, 1.000000, 1.000000],
    WeightKey::WonderInProgress => [1.000000, 1.000000, 1.000000],
    WeightKey::HandLimit => [0.000000, 2.000000, 2.000000],
    WeightKey::ColonizeBonus => [4.000000, 2.000000, 4.000000],
    WeightKey::BuildDiscount => [6.000000, 5.000000, 5.000000],
    WeightKey::ResourceDiscount => [0.000000, 0.000000, 0.000000],
    WeightKey::DefenseBonus => [0.000000, 0.000000, 0.000000],
    WeightKey::UrbanLimit => [2.000000, 1.000000, 1.000000],
    WeightKey::GovActionCost => [0.000000, 0.000000, 0.000000],
    WeightKey::NoAggression => [1.000000, 1.000000, 1.000000],
    WeightKey::CardBoardCredit => [0.000000, 0.000000, 0.000000],
    WeightKey::EventScoringMargin => [10.000000, 14.000000, 11.642857],
    WeightKey::CardBoardLeader => [0.000000, 0.000000, 0.000000],
    WeightKey::HandSwapExtra => [0.000000, 0.000000, 0.000000],
    WeightKey::CardRateCredit => [0.000000, 0.000000, 0.000000],
    WeightKey::UnitStrengthCredit => [0.000000, 0.000000, 0.000000],
    WeightKey::UnitTechCredit => [0.000000, 0.000000, 0.000000],
    WeightKey::TechBoardCredit => [0.000000, 0.000000, 0.000000],
    WeightKey::ActionBoardCredit => [0.000000, 0.000000, 0.000000],
    WeightKey::GovBoardCredit => [0.000000, 0.000000, 0.000000],
    WeightKey::WonderBoardCredit => [0.000000, 0.000000, 0.000000],
    WeightKey::BuildFreshCredit => [0.000000, 0.000000, 0.000000],
    WeightKey::RestrictedResourceCredit => [0.000000, 0.000000, 0.000000],
    WeightKey::FreeActionCredit => [0.000000, 0.000000, 0.000000],
    WeightKey::TerritoryCredit => [0.000000, 0.000000, 0.000000],
    WeightKey::BonusCardCredit => [0.000000, 0.000000, 0.000000],
    WeightKey::TacticBoardCredit => [0.000000, 0.000000, 0.000000],
    WeightKey::AggressionBoardCredit => [0.000000, 0.000000, 0.000000],
    WeightKey::WarBoardCredit => [0.000000, 0.000000, 0.000000],
    WeightKey::PactBoardCredit => [0.000000, 0.000000, 0.000000],
    WeightKey::EventBoardCredit => [0.000000, 0.000000, 0.000000],
    WeightKey::TacticShortfallCost => [0.000000, 0.000000, 0.000000],
    WeightKey::TacticReachCredit => [0.000000, 0.000000, 0.000000],
    WeightKey::HandCivil => [2.000000, 2.000000, 2.000000],
    WeightKey::HandValue => [2.789474, 2.882353, 2.793296],
    WeightKey::HandPotential => [31.306624, 123.655930, 66.219502],
    WeightKey::HandMilitary => [4.000000, 3.000000, 4.000000],
    WeightKey::HandMilValue => [12.000000, 12.000000, 15.000000],
    WeightKey::HandMilPotential => [175.193768, 601.147270, 537.893523],
    WeightKey::HandPerishable => [1.473244, 1.413965, 1.243939],
    WeightKey::RivalCulture => [23.000000, 33.000000, 49.000000],
    WeightKey::RivalMeanCulture => [23.000000, 25.500000, 44.666667],
    WeightKey::RivalCultureRate => [0.000000, 1.500000, 1.500000],
    WeightKey::RivalScienceRate => [0.000000, 0.000000, 0.000000],
    WeightKey::RivalStrength => [0.000000, 2.000000, 2.000000],
    WeightKey::EndTurnBias => [1.000000, 1.000000, 1.000000],
    WeightKey::CultureRateTrailing => [0.000000, 0.000000, 0.000000],
    WeightKey::ScienceRateTrailing => [0.000000, 0.000000, 0.000000],
    WeightKey::FoodStockNeeded => [0.000000, 0.000000, 0.000000],
    WeightKey::ResourceStockNeeded => [0.000000, 0.000000, 0.000000],
    WeightKey::ScienceNeeded => [0.000000, 0.000000, 0.000000],
    WeightKey::FreeWorkersNeeded => [0.000000, 0.000000, 0.000000],
    WeightKey::WorkersLate => [1.289474, 1.123529, 1.363128],
    WeightKey::StrengthRelEarly => [2.302632, 2.382353, 2.027933],
    WeightKey::StrengthRelLate => [4.440789, 4.000000, 3.374302],
    WeightKey::TechLevelsLate => [1.618421, 1.423529, 1.441341],
    WeightKey::HandValueLate => [7.578947, 6.964706, 7.284916],
    WeightKey::FoodGap => [4.000000, 4.000000, 4.000000],
    WeightKey::FoodSurplus => [4.000000, 4.000000, 8.000000],
    WeightKey::ResourceGap => [4.000000, 3.000000, 3.000000],
    WeightKey::ResourceSurplus => [6.000000, 6.000000, 9.000000],
    WeightKey::ScienceGap => [10.000000, 9.000000, 10.000000],
    WeightKey::ScienceSurplus => [7.000000, 7.000000, 12.000000],
    WeightKey::CultureGap => [10.000000, 8.000000, 16.000000],
    WeightKey::CultureSurplus => [13.000000, 10.000000, 21.000000],
    WeightKey::HappySurplus => [3.000000, 3.000000, 3.000000],
    WeightKey::CivilActionGap => [4.000000, 4.000000, 4.000000],
    WeightKey::CivilActionSurplus => [4.000000, 4.000000, 6.000000],
    WeightKey::TakeCostShare => [0.833333, 0.800000, 0.750000],
    WeightKey::MilitaryActionGap => [3.000000, 3.000000, 3.000000],
    WeightKey::MilitaryActionSurplus => [3.000000, 3.000000, 3.000000],
    WeightKey::WorkerGap => [2.000000, 2.000000, 2.000000],
    WeightKey::WorkerSurplus => [2.000000, 2.000000, 2.000000],
    WeightKey::TechRedundancyDiscount => [0.000000, 0.000000, 0.000000],
    WeightKey::LeaderReplacement => [1.000000, 1.000000, 1.000000],
    WeightKey::WonderPoolRivalClaimed => [2.000000, 1.000000, 2.000000],
    WeightKey::HandOverCapacity => [1.000000, 2.000000, 1.000000],
    WeightKey::HappyMarginAfterNextPop => [2.000000, 2.000000, 2.000000],
    WeightKey::ResourceCommitmentTurns => [16.000000, 16.000000, 14.000000],
    WeightKey::WonderOneStageShort => [1.000000, 1.000000, 1.000000],
    WeightKey::ScienceNeedRow => [5.000000, 5.000000, 4.000000],
    WeightKey::RowPlayableCount => [13.000000, 12.000000, 13.000000],
}
featspread: total elapsed 301.7s
